Time,Vision_Dist,Vicon_Dist,Dist_Err,Vision_Ang,Vicon_Ang,Ang_Err,Target_Type,Vision_Class,Cam_ID,Target_Global_Yaw,Robot_Speed
1766072792.8310568,0.6600,1.9151,-1.2551,117.1200,-50.5571,167.6771,CAR ,7,6,2.24,0.000
1766072792.8812702,0.6500,1.9151,-1.2651,117.0400,-50.5731,167.6131,CAR ,7,6,2.23,0.000
1766072792.9317753,0.6500,1.9150,-1.2650,117.0500,-50.5457,167.5957,CAR ,7,6,2.23,0.000
1766072793.0326204,0.6500,1.9151,-1.2651,117.0400,-50.5638,167.6038,CAR ,7,6,2.23,0.000
1766072793.0844107,0.6500,1.9150,-1.2650,117.0300,-50.5517,167.5817,CAR ,7,6,2.23,0.001
1766072793.13431,0.6400,1.9150,-1.2750,116.9800,-50.5516,167.5316,CAR ,7,6,2.23,0.001
1766072793.1842818,0.6500,1.9151,-1.2651,117.0600,-50.5847,167.6447,CAR ,7,6,2.23,0.001
1766072793.2349648,0.6600,1.9151,-1.2551,117.1300,-50.5699,167.6999,CAR ,7,6,2.23,0.001
1766072793.2860427,0.6100,1.9151,-1.3051,116.7400,-50.5560,167.2960,CAR ,7,6,2.22,0.000
1766072793.33596,0.6300,1.9151,-1.2851,116.9100,-50.5631,167.4731,CAR ,7,6,2.21,0.000
1766072793.4378932,0.6500,1.9151,-1.2651,117.0100,-50.5604,167.5704,CAR ,7,6,2.23,0.000
1766072793.538613,0.6500,1.9150,-1.2650,117.0200,-50.5766,167.5966,CAR ,7,6,2.23,0.001
1766072793.6392725,0.6600,1.9150,-1.2550,117.0900,-50.5727,167.6627,CAR ,7,6,2.24,0.000
1766072793.7400184,0.6500,1.9151,-1.2651,117.0400,-50.5554,167.5954,CAR ,7,6,2.22,0.000
1766072793.8409107,0.6600,1.9151,-1.2551,117.1100,-50.5696,167.6796,CAR ,7,6,2.22,0.000
1766072793.891631,0.6600,1.9151,-1.2551,117.0500,-50.5669,167.6169,CAR ,7,6,2.23,0.000
1766072793.9422433,0.6400,1.9150,-1.2750,116.9200,-50.5715,167.4915,CAR ,7,6,2.22,0.001
1766072794.042301,0.6600,1.9151,-1.2551,117.1000,-50.5559,167.6559,CAR ,7,6,2.22,0.000
1766072794.1427321,0.6500,1.9151,-1.2651,117.0800,-50.5863,167.6663,CAR ,7,6,2.23,0.000
1766072794.242848,0.6400,1.9151,-1.2751,116.9300,-50.5619,167.4919,CAR ,7,6,2.21,0.000
1766072794.3427072,0.6500,1.9151,-1.2651,117.0400,-50.5508,167.5908,CAR ,7,6,2.23,0.000
1766072794.4434032,0.6500,1.9151,-1.2651,117.0900,-50.5693,167.6593,CAR ,7,6,2.22,0.000
1766072794.4935033,0.6600,1.9151,-1.2551,117.0600,-50.5633,167.6233,CAR ,7,6,2.24,0.000
1766072794.5439217,0.6500,1.9151,-1.2651,117.0800,-50.5659,167.6459,CAR ,7,6,2.24,0.001
1766072794.643941,0.6500,1.9151,-1.2651,117.0500,-50.5611,167.6111,CAR ,7,6,2.22,0.000
1766072794.745065,0.6400,1.9151,-1.2751,116.9900,-50.5606,167.5506,CAR ,7,6,2.22,0.000
1766072794.7957497,0.6600,1.9150,-1.2550,117.1100,-50.5597,167.6697,CAR ,7,6,2.23,0.000
1766072794.8461635,0.6600,1.9150,-1.2550,117.1100,-50.5618,167.6718,CAR ,7,6,2.22,0.000
1766072794.8956635,0.6500,1.9150,-1.2650,117.0600,-50.5599,167.6199,CAR ,7,6,2.22,0.000
1766072794.9464757,0.6600,1.9151,-1.2551,117.0600,-50.5538,167.6138,CAR ,7,6,2.23,0.000
1766072794.9965687,0.6300,1.9151,-1.2851,116.9200,-50.5673,167.4873,CAR ,7,6,2.23,0.000
1766072795.0465388,0.6300,1.9150,-1.2850,116.9200,-50.5591,167.4791,CAR ,7,6,2.22,0.000
1766072795.1476138,0.6500,1.9151,-1.2651,117.1000,-50.5512,167.6512,CAR ,7,6,2.23,0.000
1766072795.1997006,0.6600,1.9151,-1.2551,117.1000,-50.5696,167.6696,CAR ,7,6,2.22,0.001
1766072795.3009007,0.6300,1.9151,-1.2851,116.9300,-50.5891,167.5191,CAR ,7,6,2.24,0.000
1766072795.3513453,0.6600,1.9151,-1.2551,117.1400,-50.5537,167.6937,CAR ,7,6,2.22,0.000
1766072795.4017045,0.6400,1.9150,-1.2750,117.0100,-50.6408,167.6508,CAR ,7,6,2.24,0.003
1766072795.4525328,0.6700,1.9118,-1.2418,117.1700,-49.9103,167.0803,CAR ,7,6,2.23,0.111
1766072795.8534865,5.6800,2.0304,3.6496,300.9000,-53.3236,-5.7764,BALL,6,2,75.39,0.363
1766072796.2063284,4.8000,1.7568,3.0432,327.7100,-42.3096,10.0196,CAR ,2,4,2.22,0.396
1766072796.2561088,4.3400,1.7472,2.5928,327.8400,-41.8559,9.6959,CAR ,2,4,2.24,0.376
1766072796.3075871,3.8300,1.7375,2.0925,328.0500,-41.3625,9.4125,CAR ,2,4,2.22,0.376
1766072796.4084666,3.3500,1.7191,1.6309,328.2900,-40.3840,8.6740,CAR ,2,4,2.23,0.362
1766072796.4586225,3.1100,1.7080,1.4020,328.3900,-39.7927,8.1827,CAR ,2,4,2.22,0.441
1766072796.50816,2.8600,1.6983,1.1617,328.6200,-39.3693,7.9893,CAR ,2,4,2.22,0.396
1766072796.5603764,2.5300,1.6875,0.8425,328.9700,-38.7811,7.7511,CAR ,2,4,2.24,0.416
1766072796.6108844,2.3100,1.6784,0.6316,329.1600,-38.1047,7.2647,CAR ,2,4,2.23,0.345
1766072796.660872,2.2000,1.6679,0.5321,329.3300,-37.6529,6.9829,CAR ,2,4,2.22,0.425
1766072796.7112076,2.0000,1.6579,0.3421,329.6400,-36.7697,6.4097,CAR ,2,4,2.22,0.400
1766072796.8164852,1.7900,1.6380,0.1520,329.9500,-35.7508,5.7008,CAR ,2,4,2.23,0.367
1766072796.9165788,1.6500,1.6177,0.0323,330.3400,-34.7398,5.0798,CAR ,2,4,2.21,0.413
1766072796.9667652,1.5900,1.6084,-0.0184,330.6000,-34.0262,4.6262,CAR ,2,4,2.22,0.394
1766072797.017466,1.5300,1.5988,-0.0688,330.6800,-33.4119,4.0919,CAR ,2,4,2.22,0.388
1766072797.067954,1.4600,1.5895,-0.1295,331.0600,-32.9695,4.0295,CAR ,2,4,2.22,0.380
1766072797.117812,1.4500,1.5802,-0.1302,331.3500,-32.2955,3.6455,CAR ,2,4,2.24,0.389
1766072797.1686544,1.4000,1.5713,-0.1713,331.5900,-31.6959,3.2859,CAR ,2,4,2.23,0.384
1766072797.2182055,1.4400,1.5624,-0.1224,332.3400,-31.0479,3.3879,CAR ,2,4,2.24,0.390
1766072797.268726,1.4400,1.5537,-0.1137,332.8300,-30.4671,3.2971,CAR ,2,4,2.25,0.378
1766072797.3257272,1.4700,1.5432,-0.0732,333.5000,-29.6573,3.1573,CAR ,2,4,2.23,0.400
1766072797.4259434,1.4100,1.5263,-0.1163,334.4900,-28.4685,2.9585,CAR ,2,4,2.22,0.362
1766072797.42662,1.8800,1.6690,0.2110,328.9000,-36.7002,5.6002,BALL,6,4,75.37,0.000
1766072797.5264797,1.4300,1.5083,-0.0783,335.3800,-26.7900,2.1700,CAR ,2,4,2.24,0.399
1766072797.5265832,1.6200,1.6460,-0.0260,329.5900,-35.2380,4.8280,BALL,6,4,75.36,0.000
1766072797.5780442,1.4000,1.5002,-0.1002,336.0200,-25.8911,1.9111,CAR ,2,4,2.23,0.367
1766072797.5781593,1.5800,1.6355,-0.0555,330.0400,-34.4412,4.4812,BALL,6,4,75.39,0.000
1766072797.6279936,1.4000,1.4925,-0.0925,336.6400,-25.2840,1.9240,CAR ,2,4,2.22,0.375
1766072797.628057,1.5900,1.6254,-0.0354,330.4700,-33.9352,4.4052,BALL,6,4,75.35,0.000
1766072797.6786425,1.4100,1.4847,-0.0747,337.7900,-24.8211,2.6111,CAR ,2,4,2.23,0.363
1766072797.6788402,1.5700,1.6152,-0.0452,331.2800,-33.5729,4.8529,BALL,6,4,75.39,0.000
1766072797.7792344,1.4100,1.4671,-0.0571,338.2500,-23.4465,1.6965,CAR ,2,4,2.22,0.390
1766072797.7793157,1.5300,1.5923,-0.0623,331.7400,-32.4175,4.1575,BALL,6,4,75.35,0.000
1766072797.8306925,1.4400,1.4578,-0.0178,338.8500,-22.7412,1.5912,CAR ,2,4,2.23,0.408
1766072797.8309567,1.5400,1.5802,-0.0402,332.0400,-31.8313,3.8713,BALL,6,4,75.39,0.000
1766072797.8814144,1.4100,1.4493,-0.0393,339.5900,-22.0653,1.6553,CAR ,2,4,2.23,0.376
1766072797.8814914,1.5000,1.5691,-0.0691,332.7000,-31.2639,3.9639,BALL,6,4,75.37,0.000
1766072797.9317222,1.4000,1.4404,-0.0404,340.1400,-21.3091,1.4491,CAR ,2,4,2.23,0.389
1766072797.931786,1.5100,1.5575,-0.0475,333.1400,-30.6198,3.7598,BALL,6,4,75.35,0.000
1766072798.0323713,1.3900,1.4243,-0.0343,341.0000,-20.1219,1.1219,CAR ,2,4,2.23,0.362
1766072798.0324464,1.5300,1.5363,-0.0063,333.7400,-29.6433,3.3833,BALL,6,4,75.36,0.000
1766072798.0821645,1.3200,1.4147,-0.0947,341.5800,-19.4344,1.0144,CAR ,2,4,2.22,0.417
1766072798.1324937,1.3200,1.4066,-0.0866,342.1900,-18.7251,0.9151,CAR ,2,4,2.23,0.378
1766072798.1325555,1.5100,1.5129,-0.0029,334.8100,-28.4803,3.2903,BALL,6,4,75.38,0.000
1766072798.183994,1.3200,1.3987,-0.0787,342.7100,-17.9298,0.6398,CAR ,2,4,2.22,0.376
1766072798.184174,1.5000,1.5022,-0.0022,335.1200,-27.7957,2.9157,BALL,6,4,75.38,0.000
1766072798.2336953,1.2800,1.3912,-0.1112,343.3600,-17.1165,0.4765,CAR ,2,4,2.22,0.371
1766072798.2337728,1.5000,1.4919,0.0081,335.7200,-27.0889,2.8089,BALL,6,4,75.37,0.000
1766072798.284068,1.3100,1.3839,-0.0739,344.2500,-16.1955,0.4455,CAR ,2,4,2.25,0.380
1766072798.2841663,1.4600,1.4816,-0.0216,336.2200,-26.2750,2.4950,BALL,6,4,75.40,0.000
1766072798.3358161,1.2900,1.3755,-0.0855,344.9000,-15.1647,0.0647,CAR ,2,4,2.21,0.385
1766072798.3358982,1.4700,1.4701,-0.0001,336.6300,-25.3614,1.9914,BALL,6,4,75.38,0.000
1766072798.3853455,1.3000,1.3690,-0.0690,346.0400,-14.6581,0.6981,CAR ,2,4,2.24,0.337
1766072798.385434,1.4100,1.4611,-0.0511,337.5500,-24.9507,2.5007,BALL,6,4,75.39,0.000
1766072798.4858809,1.3300,1.3522,-0.0222,346.9900,-13.3424,0.3324,CAR ,2,4,2.22,0.392
1766072798.4861796,1.4300,1.4381,-0.0081,338.3200,-23.8690,2.1890,BALL,6,4,75.37,0.000
1766072798.536026,1.3000,1.3437,-0.0437,347.8600,-12.7210,0.5810,CAR ,2,4,2.24,0.387
1766072798.5360885,1.3800,1.4266,-0.0466,338.8900,-23.3665,2.2565,BALL,6,4,75.38,0.000
1766072798.5861127,1.3000,1.3357,-0.0357,348.2800,-12.0456,0.3256,CAR ,2,4,2.21,0.373
1766072798.5861745,1.3900,1.4155,-0.0255,339.3300,-22.8033,2.1333,BALL,6,4,75.37,0.000
1766072798.635853,1.2700,1.3275,-0.0575,349.1600,-11.5141,0.6741,CAR ,2,4,2.24,0.378
1766072798.6359143,1.4200,1.4043,0.0157,339.8400,-22.3887,2.2287,BALL,6,4,75.37,0.000
1766072798.6941679,1.3300,1.3180,0.0120,349.9300,-10.8921,0.8221,CAR ,2,4,2.24,0.365
1766072798.694279,1.3800,1.3914,-0.0114,340.5000,-21.8979,2.3979,BALL,6,4,75.39,0.000
1766072798.7473679,1.3200,1.3098,0.0102,350.5900,-10.0778,0.6678,CAR ,2,4,2.22,0.391
1766072798.7521992,1.3500,1.3787,-0.0287,340.8600,-21.2324,2.0924,BALL,6,4,75.40,0.383
1766072798.848165,1.2900,1.2947,-0.0047,351.2500,-8.3301,-0.4199,CAR ,2,4,2.21,0.371
1766072798.8482366,1.3600,1.3582,0.0018,341.4300,-19.6838,1.1138,BALL,6,4,75.36,0.000
1766072798.898276,1.2600,1.2879,-0.0279,351.9900,-7.6381,-0.3719,CAR ,2,4,2.22,0.368
1766072798.8983397,1.3700,1.3481,0.0219,342.1300,-19.0962,1.2262,BALL,6,4,75.38,0.000
1766072798.9509487,1.2500,1.2795,-0.0295,352.9600,-6.5391,-0.5009,CAR ,2,4,2.22,0.391
1766072798.9510152,1.3800,1.3361,0.0439,342.9300,-18.1219,1.0519,BALL,6,4,75.36,0.000
1766072799.0011997,1.2400,1.2724,-0.0324,354.2800,-5.8716,0.1516,CAR ,2,4,2.24,0.338
1766072799.0512886,1.3200,1.3142,0.0058,344.0700,-16.8041,0.8741,BALL,6,4,75.37,0.392
1766072799.1016717,1.1800,1.2569,-0.0769,355.4500,-4.3056,-0.2444,CAR ,2,4,2.22,0.364
1766072799.101744,1.3500,1.3039,0.0461,344.9600,-16.2211,1.1811,BALL,6,4,75.38,0.000
1766072799.1521716,1.2200,1.2496,-0.0296,356.4600,-3.5905,0.0505,CAR ,2,4,2.24,0.367
1766072799.1522374,1.3200,1.2931,0.0269,345.7400,-15.6176,1.3576,BALL,6,4,75.35,0.000
1766072799.2022736,1.2200,1.2435,-0.0235,357.5800,-2.6855,0.2655,CAR ,2,4,2.23,0.347
1766072799.2023852,1.3300,1.2839,0.0461,346.6000,-14.8090,1.4090,BALL,6,4,75.37,0.000
1766072799.252633,1.2300,1.2370,-0.0070,358.1800,-1.8838,0.0638,CAR ,2,4,2.22,0.357
1766072799.2527993,1.2900,1.2740,0.0160,347.1400,-14.1094,1.2494,BALL,6,4,75.38,0.000
1766072799.3028355,1.1900,1.2306,-0.0406,359.0100,-0.8533,-0.1367,CAR ,2,4,2.24,0.347
1766072799.304129,1.2800,1.2643,0.0157,347.7400,-13.1791,0.9191,BALL,6,4,75.36,0.000
1766072799.3544586,1.1500,1.2241,-0.0741,359.8400,-0.2749,0.1149,CAR ,2,4,2.22,0.342
1766072799.3545358,1.2500,1.2545,-0.0045,348.6900,-12.6986,1.3886,BALL,6,4,75.37,0.000
1766072799.4047875,1.1300,1.2166,-0.0866,0.7200,0.2473,0.4727,CAR ,2,4,2.23,0.367
1766072799.404878,1.2900,1.2435,0.0465,349.3000,-12.2869,1.5869,BALL,6,4,75.38,0.000
1766072799.5042937,1.1900,1.2018,-0.0118,1.8800,1.9364,-0.0564,CAR ,2,4,2.22,0.383
1766072799.504361,1.2600,1.2214,0.0386,350.1700,-10.8210,0.9910,BALL,6,4,75.38,0.000
1766072799.5541575,1.1400,1.1944,-0.0544,2.5900,2.6755,-0.0855,CAR ,2,4,2.23,0.365
1766072799.5542495,1.2500,1.2106,0.0394,350.8800,-10.1898,1.0698,BALL,6,4,75.40,0.000
1766072799.606142,1.1700,1.1871,-0.0171,3.6200,3.5166,0.1034,CAR ,2,4,2.23,0.395
1766072799.6062324,1.2300,1.1991,0.0309,351.6900,-9.4592,1.1492,BALL,6,4,75.38,0.000
1766072799.6553252,1.1800,1.1815,-0.0015,4.3100,4.9124,-0.6024,CAR ,2,4,2.24,0.337
1766072799.6554267,1.2100,1.1902,0.0198,352.3000,-8.1504,0.4504,BALL,6,4,75.38,0.000
1766072799.7054603,1.1800,1.1729,0.0071,5.0700,5.4549,-0.3849,CAR ,2,4,2.24,0.419
1766072799.7055314,1.2000,1.1775,0.0225,353.1000,-7.7335,0.8335,BALL,6,4,75.40,0.000
1766072799.7582474,1.1800,1.1656,0.0144,5.9700,6.0376,-0.0676,CAR ,2,4,2.24,0.361
1766072799.7583172,1.1800,1.1663,0.0137,353.8200,-7.2543,1.0743,BALL,6,4,75.39,0.000
1766072799.808269,1.1600,1.1590,0.0010,7.1300,6.6283,0.5017,CAR ,2,4,2.22,0.379
1766072799.8083327,1.1700,1.1558,0.0142,354.8200,-6.7623,1.5823,BALL,6,4,75.36,0.000
1766072799.8584018,1.1700,1.1515,0.0185,8.0000,7.7961,0.2039,CAR ,2,4,2.24,0.378
1766072799.8584683,1.1700,1.1445,0.0255,355.5200,-5.7005,1.2205,BALL,6,4,75.37,0.000
1766072799.9588196,1.1400,1.1367,0.0033,9.0600,10.0401,-0.9801,CAR ,2,4,2.23,0.375
1766072799.9588838,1.1600,1.1219,0.0381,356.3300,-3.6652,-0.0048,BALL,6,4,75.37,0.000
1766072800.01051,1.1100,1.1287,-0.0187,10.0600,10.2169,-0.1569,CAR ,2,4,2.23,0.426
1766072800.010602,1.1400,1.1094,0.0306,357.3600,-3.6010,0.9610,BALL,6,4,75.38,0.000
1766072800.061142,1.1000,1.1229,-0.0229,11.0200,11.8004,-0.7804,CAR ,2,4,2.22,0.360
1766072800.0613077,1.1400,1.0996,0.0404,358.3400,-2.0987,0.4387,BALL,6,4,75.37,0.000
1766072800.1134,1.1300,1.1156,0.0144,11.6400,11.7371,-0.0971,CAR ,2,4,2.22,0.375
1766072800.113464,1.1200,1.0881,0.0319,358.8900,-2.2602,1.1502,BALL,6,4,75.38,0.000
1766072800.1634448,1.0800,1.1091,-0.0291,12.4200,13.1071,-0.6871,CAR ,2,4,2.22,0.356
1766072800.1635215,1.1400,1.0778,0.0622,359.4100,-0.9768,0.3868,BALL,6,4,75.37,0.000
1766072800.2129185,1.1000,1.1013,-0.0013,12.9800,13.7142,-0.7342,CAR ,2,4,2.23,0.397
1766072800.2129805,1.1100,1.0659,0.0441,359.8100,-0.4719,0.2819,BALL,6,4,75.41,0.000
1766072800.2629035,1.0800,1.0944,-0.0144,13.5500,14.8216,-1.2716,CAR ,2,4,2.22,0.369
1766072800.2629685,1.0900,1.0550,0.0350,0.6200,0.5462,0.0738,BALL,6,4,75.38,0.000
1766072800.3144424,1.0900,1.0881,0.0019,14.8100,17.1537,-2.3437,CAR ,2,4,2.22,0.354
1766072800.3160496,1.0900,1.0434,0.0466,1.7800,2.5256,-0.7456,BALL,6,4,75.36,1.285
1766072800.365232,1.0300,1.0812,-0.0512,15.4400,17.8386,-2.3986,CAR ,2,4,2.22,0.342
1766072800.3653507,1.1000,1.0324,0.0676,2.5800,3.2313,-0.6513,BALL,6,4,75.36,0.000
1766072800.4652014,1.0300,1.0657,-0.0357,16.6600,19.0515,-2.3915,CAR ,2,4,2.23,0.376
1766072800.4652636,1.0600,1.0095,0.0505,3.9200,4.4287,-0.5087,BALL,6,4,75.38,0.000
1766072800.515311,1.0300,1.0581,-0.0281,17.4100,19.8538,-2.4438,CAR ,2,4,2.23,0.387
1766072800.5165875,1.0400,0.9977,0.0423,4.6700,5.1442,-0.4742,BALL,6,4,75.40,0.000
1766072800.5665252,1.0500,1.0505,-0.0005,18.1300,20.7613,-2.6313,CAR ,2,4,2.22,0.384
1766072800.566589,1.0200,0.9858,0.0342,5.2800,5.9669,-0.6869,BALL,6,4,75.38,0.000
1766072800.6175444,1.0300,1.0426,-0.0126,18.7800,21.7106,-2.9306,CAR ,2,4,2.23,0.388
1766072800.617616,1.0100,0.9736,0.0364,5.8800,6.8293,-0.9493,BALL,6,4,75.38,0.000
1766072800.6667914,1.0100,1.0360,-0.0260,19.6700,22.6294,-2.9594,CAR ,2,4,2.21,0.395
1766072800.6680284,1.0300,0.9624,0.0676,6.8500,7.6853,-0.8353,BALL,6,4,75.39,0.000
1766072800.7182255,1.0100,1.0289,-0.0189,20.5700,23.6737,-3.1037,CAR ,2,4,2.23,0.385
1766072800.7217672,1.0000,0.9498,0.0502,7.8600,8.7257,-0.8657,BALL,6,4,75.39,0.546
1766072800.7689517,1.0000,1.0222,-0.0222,21.4800,24.5276,-3.0476,CAR ,2,4,2.23,0.374
1766072800.7690222,1.0000,0.9398,0.0602,8.6600,9.4613,-0.8013,BALL,6,4,75.38,0.000
1766072800.86864,0.9600,1.0100,-0.0500,23.1800,25.8801,-2.7001,CAR ,2,4,2.23,0.374
1766072800.8687305,0.9700,0.9187,0.0513,10.5000,10.7277,-0.2277,BALL,6,4,75.39,0.000
1766072800.9694664,0.9700,0.9996,-0.0296,23.7900,27.1804,-3.3904,CAR ,2,4,2.22,0.332
1766072800.96955,0.9400,0.9004,0.0396,11.2500,11.9755,-0.7255,BALL,6,4,75.38,0.000
1766072801.0203335,0.9900,0.9928,-0.0028,24.4000,28.5742,-4.1742,CAR ,2,4,2.23,0.333
1766072801.020412,0.9200,0.8898,0.0302,11.9300,13.3224,-1.3924,BALL,6,4,75.39,0.000
1766072801.0693982,1.0100,0.9870,0.0230,24.8200,29.7318,-4.9118,CAR ,2,4,2.24,0.262
1766072801.070711,0.9100,0.8812,0.0288,12.5100,14.4341,-1.9241,BALL,6,4,75.37,0.000
1766072801.1192377,1.0200,0.9809,0.0391,25.1000,30.5376,-5.4376,CAR ,2,4,2.23,0.259
1766072801.1193056,0.9100,0.8724,0.0376,13.1500,15.1861,-2.0361,BALL,6,4,75.36,0.000
1766072801.169462,0.8900,0.8609,0.0291,14.7700,15.9105,-1.1405,BALL,6,4,75.39,0.307
1766072801.1695328,1.1100,0.9726,0.1374,25.6600,31.3438,-5.6838,CAR ,2,4,2.23,0.000
1766072801.2194755,0.8800,0.8515,0.0285,16.0300,17.5702,-1.5402,BALL,6,4,75.38,0.265
1766072801.2195432,1.2400,0.9659,0.2741,26.3300,33.0603,-6.7303,CAR ,2,4,2.23,0.000
1766072801.2717998,0.8600,0.8421,0.0179,16.5500,19.2003,-2.6503,BALL,6,4,75.34,0.264
1766072801.2718573,1.2800,0.9596,0.3204,26.5200,34.7341,-8.2141,CAR ,2,4,2.23,0.000
1766072801.3226385,0.8600,0.8358,0.0242,18.2500,20.8439,-2.5939,BALL,6,4,75.38,0.199
1766072801.3227088,1.4400,0.9557,0.4843,27.1100,36.3947,-9.2847,CAR ,2,4,2.24,0.000
1766072801.3726943,0.8500,0.8293,0.0207,19.8500,23.0064,-3.1564,BALL,6,4,75.38,0.207
1766072801.372751,1.6800,0.9516,0.7284,27.8200,38.5724,-10.7524,CAR ,2,4,2.24,0.000
1766072801.474726,0.8400,0.8195,0.0205,22.7400,27.3613,-4.6213,BALL,6,4,75.41,0.142
1766072801.4748127,2.2000,0.9450,1.2550,28.7800,42.9696,-14.1896,CAR ,2,4,2.24,0.000
1766072801.5755205,0.8300,0.8115,0.0185,24.9900,31.0059,-6.0159,BALL,6,4,75.34,0.096
1766072801.6257093,0.8600,0.8080,0.0520,25.9200,33.3972,-7.4772,BALL,6,4,75.38,0.074
1766072801.6759198,1.0100,0.8045,0.2055,26.8500,35.0114,-8.1614,BALL,6,4,75.36,0.069
1766072801.6771183,3.0300,0.9324,2.0976,58.6100,50.7864,7.8236,CAR ,2,6,2.22,0.000
1766072801.7296515,1.2700,0.8010,0.4690,27.8900,36.9401,-9.0501,BALL,6,4,75.38,0.067
1766072801.730888,2.3400,0.9289,1.4111,59.6600,52.7787,6.8813,CAR ,2,6,2.23,0.000
1766072801.7806098,1.5800,0.7985,0.7815,28.6800,39.1802,-10.5002,BALL,6,4,75.34,0.054
1766072801.781858,2.0000,0.9262,1.0738,59.8800,55.0712,4.8088,CAR ,2,6,2.23,0.000
1766072801.8331666,1.6100,0.9239,0.6861,60.8300,56.2657,4.5643,CAR ,2,6,2.23,0.046
1766072801.8332312,1.9600,0.7962,1.1638,29.3000,40.3297,-11.0297,BALL,6,4,75.38,0.000
1766072801.9339156,1.3800,0.9196,0.4604,61.5800,58.1840,3.3960,CAR ,2,6,2.23,0.044
1766072801.9340413,2.4400,0.7923,1.6477,29.8000,42.1532,-12.3532,BALL,6,4,75.38,0.000
1766072801.9835415,1.2200,0.9171,0.3029,61.9900,59.2934,2.6966,CAR ,2,6,2.21,0.054
1766072801.9836574,3.3400,0.7901,2.5499,30.3500,43.2106,-12.8606,BALL,6,4,75.36,0.000
1766072802.0333002,1.1000,0.9147,0.1853,62.4400,60.3116,2.1284,CAR ,2,6,2.23,0.058
1766072802.0333624,5.4400,0.7882,4.6518,30.9100,44.1681,-13.2581,BALL,6,4,75.39,0.000
1766072802.085413,1.0400,0.9122,0.1278,62.6800,61.3817,1.2983,CAR ,2,6,2.23,0.051
1766072802.135264,0.9800,0.9106,0.0694,63.4300,62.2072,1.2228,CAR ,2,6,2.22,0.038
1766072802.1855233,0.9400,0.9088,0.0312,64.0500,62.8712,1.1788,CAR ,2,6,2.23,0.044
1766072802.285019,0.9100,0.9044,0.0056,64.5800,64.2714,0.3086,CAR ,2,6,2.22,0.057
1766072802.2850914,2.5800,0.7803,1.7997,58.3000,47.8677,10.4323,BALL,6,6,75.36,0.000
1766072802.3362842,0.9100,0.9012,0.0088,64.8200,65.3107,-0.4907,CAR ,2,6,2.22,0.080
1766072802.3363488,2.2600,0.7780,1.4820,58.5500,48.8218,9.7282,BALL,6,6,75.39,0.000
1766072802.388953,0.9200,0.8989,0.0211,65.7300,65.8082,-0.0782,CAR ,2,6,2.23,0.068
1766072802.3890216,2.0700,0.7766,1.2934,58.8600,49.2523,9.6077,BALL,6,6,75.35,0.000
1766072802.4387596,0.9100,0.8966,0.0134,66.7700,66.1849,0.5851,CAR ,2,6,2.22,0.074
1766072802.4388309,1.8900,0.7753,1.1147,59.1100,49.5588,9.5512,BALL,6,6,75.36,0.000
1766072802.4893944,0.9200,0.8943,0.0257,67.4300,66.6265,0.8035,CAR ,2,6,2.23,0.073
1766072802.489477,1.7400,0.7738,0.9662,59.2300,49.9338,9.2962,BALL,6,6,75.40,0.000
1766072802.5903358,0.9200,0.8890,0.0310,67.8600,67.5248,0.3352,CAR ,2,6,2.24,0.079
1766072802.5904074,1.6200,0.7704,0.8496,59.3100,50.6780,8.6320,BALL,6,6,75.39,0.000
1766072802.6397574,0.9200,0.8871,0.0329,68.1500,67.9312,0.2188,CAR ,2,6,2.22,0.067
1766072802.6398618,1.5700,0.7694,0.8006,59.3900,51.0237,8.3663,BALL,6,6,75.41,0.000
1766072802.6917415,0.9100,0.8848,0.0252,68.6600,68.3236,0.3364,CAR ,2,6,2.24,0.079
1766072802.691854,1.4700,0.7681,0.7019,59.5800,51.3446,8.2354,BALL,6,6,75.38,0.000
1766072802.7417083,0.9300,0.8823,0.0477,69.2200,68.5397,0.6803,CAR ,2,6,2.22,0.071
1766072802.7417755,1.4200,0.7666,0.6534,59.7200,51.4908,8.2292,BALL,6,6,75.36,0.000
1766072802.7918591,0.9300,0.8802,0.0498,69.7000,68.7027,0.9973,CAR ,2,6,2.25,0.070
1766072802.7919307,1.3800,0.7653,0.6147,59.8600,51.5880,8.2720,BALL,6,6,75.39,0.000
1766072802.8414156,0.9400,0.8789,0.0611,70.0100,68.6731,1.3369,CAR ,2,6,2.23,0.058
1766072802.8415053,1.3100,0.7649,0.5451,59.9800,51.5156,8.4644,BALL,6,6,75.39,0.000
1766072802.8914688,0.9300,0.8771,0.0529,69.9600,68.4501,1.5099,CAR ,2,6,2.24,0.065
1766072802.8915303,1.3200,0.7639,0.5561,59.9600,51.2350,8.7250,BALL,6,6,75.40,0.000
1766072802.9419613,0.9300,0.8754,0.0546,69.9300,68.4799,1.4501,CAR ,2,6,2.23,0.055
1766072802.9918041,1.3400,0.7625,0.5775,59.9200,51.2522,8.6678,BALL,6,6,75.39,0.056
1766072803.0426078,0.9300,0.8727,0.0573,69.8400,68.5812,1.2588,CAR ,2,6,2.23,0.062
1766072803.0426679,1.3700,0.7619,0.6081,59.8400,51.2203,8.6197,BALL,6,6,75.39,0.000
1766072803.092662,0.9300,0.8711,0.0589,69.9000,68.4834,1.4166,CAR ,2,6,2.22,0.077
1766072803.0927398,1.3700,0.7615,0.6085,59.8300,51.0646,8.7654,BALL,6,6,75.36,0.000
1766072803.1424155,0.9300,0.8691,0.0609,69.9500,68.3554,1.5946,CAR ,2,6,2.22,0.086
1766072803.1424792,1.3700,0.7607,0.6093,59.8400,50.8679,8.9721,BALL,6,6,75.40,0.000
1766072803.1928697,0.9200,0.8667,0.0533,69.9200,68.2655,1.6545,CAR ,2,6,2.23,0.087
1766072803.1929438,1.3800,0.7595,0.6205,59.8000,50.7014,9.0986,BALL,6,6,75.37,0.000
1766072803.2933326,0.9100,0.8629,0.0471,69.7700,68.1825,1.5875,CAR ,2,6,2.23,0.080
1766072803.2933905,1.4000,0.7580,0.6420,59.7700,50.4943,9.2757,BALL,6,6,75.39,0.000
1766072803.3433287,0.9100,0.8609,0.0491,69.7000,68.0613,1.6387,CAR ,2,6,2.23,0.077
1766072803.3433914,1.4000,0.7571,0.6429,59.7500,50.3107,9.4393,BALL,6,6,75.38,0.000
1766072803.394033,0.8900,0.8591,0.0309,69.6200,68.1011,1.5189,CAR ,2,6,2.22,0.074
1766072803.3941858,1.4100,0.7564,0.6536,59.7300,50.2884,9.4416,BALL,6,6,75.36,0.000
1766072803.4429505,0.8900,0.8573,0.0327,69.5300,68.2042,1.3258,CAR ,2,6,2.23,0.073
1766072803.4430132,1.4300,0.7556,0.6744,59.6900,50.3334,9.3566,BALL,6,6,75.38,0.000
1766072803.4933417,0.8700,0.8559,0.0141,69.3200,68.0978,1.2222,CAR ,2,6,2.24,0.060
1766072803.4934049,1.4500,0.7551,0.6949,59.6200,50.1789,9.4411,BALL,6,6,75.36,0.000
1766072803.5451918,0.8700,0.8545,0.0155,69.3900,68.0237,1.3663,CAR ,2,6,2.23,0.063
1766072803.545263,1.4500,0.7547,0.6953,59.6400,50.0572,9.5828,BALL,6,6,75.37,0.000
1766072803.6468277,0.8700,0.8520,0.0180,69.2900,67.6940,1.5960,CAR ,2,6,2.23,0.056
1766072803.6471412,1.4600,0.7539,0.7061,59.6000,49.6440,9.9560,BALL,6,6,75.38,0.000
1766072803.697604,0.8600,0.8510,0.0090,69.2100,67.5845,1.6255,CAR ,2,6,2.22,0.047
1766072803.6976652,1.4800,0.7536,0.7264,59.5600,49.4986,10.0614,BALL,6,6,75.36,0.000
1766072803.7476661,0.8600,0.8502,0.0098,69.0700,67.4208,1.6492,CAR ,2,6,2.23,0.043
1766072803.7489717,1.5200,0.7534,0.7666,59.4800,49.3076,10.1724,BALL,6,6,75.38,0.000
1766072803.7971556,0.8600,0.8491,0.0109,69.0000,67.4485,1.5515,CAR ,2,6,2.22,0.048
1766072803.797226,1.5500,0.7531,0.7969,59.4200,49.2989,10.1211,BALL,6,6,75.40,0.000
1766072803.84775,0.8600,0.8482,0.0118,68.8200,67.2751,1.5449,CAR ,2,6,2.23,0.045
1766072803.8489764,1.5900,0.7528,0.8372,59.3400,49.0932,10.2468,BALL,6,6,75.35,0.000
1766072803.8979084,0.8600,0.8473,0.0127,68.8000,67.1807,1.6193,CAR ,2,6,2.23,0.042
1766072803.8979743,1.6000,0.7526,0.8474,59.3100,48.9723,10.3377,BALL,6,6,75.35,0.000
1766072803.9489827,0.8600,0.8462,0.0138,68.6400,67.0033,1.6367,CAR ,2,6,2.24,0.048
1766072803.9490674,1.6700,0.7522,0.9178,59.2000,48.7576,10.4424,BALL,6,6,75.39,0.000
1766072804.000201,0.8600,0.8449,0.0151,68.5800,66.8281,1.7519,CAR ,2,6,2.22,0.053
1766072804.0004969,1.7000,0.7517,0.9483,59.1400,48.5395,10.6005,BALL,6,6,75.39,0.000
1766072804.0514352,0.8600,0.8441,0.0159,68.3800,66.7606,1.6194,CAR ,2,6,2.21,0.039
1766072804.0515032,1.7500,0.7515,0.9985,59.0500,48.4444,10.6056,BALL,6,6,75.37,0.000
1766072804.1027377,0.8600,0.8434,0.0166,68.2300,66.5744,1.6556,CAR ,2,6,2.23,0.033
1766072804.1028361,1.7900,0.7513,1.0387,59.0000,48.2349,10.7651,BALL,6,6,75.42,0.000
1766072804.204654,0.8500,0.8426,0.0074,68.1200,66.4177,1.7023,CAR ,2,6,2.22,0.026
1766072804.2047741,1.8000,0.7514,1.0486,58.9700,48.0502,10.9198,BALL,6,6,75.38,0.000
1766072804.255705,0.8500,0.8421,0.0079,68.0600,66.3871,1.6729,CAR ,2,6,2.24,0.024
1766072804.2560432,1.8200,0.7512,1.0688,58.9500,47.9920,10.9580,BALL,6,6,75.39,0.112
1766072804.3060427,0.8500,0.8417,0.0083,67.9800,66.2606,1.7194,CAR ,2,6,2.24,0.024
1766072804.3061078,1.8400,0.7513,1.0887,58.9200,47.8610,11.0590,BALL,6,6,75.36,0.000
1766072804.3555942,0.8500,0.8413,0.0087,67.8800,66.1456,1.7344,CAR ,2,6,2.22,0.021
1766072804.3556843,1.8800,0.7511,1.1289,58.8700,47.7034,11.1666,BALL,6,6,75.41,0.000
1766072804.4052856,0.8600,0.8408,0.0192,67.9000,66.0582,1.8418,CAR ,2,6,2.22,0.024
1766072804.4054246,1.8800,0.7510,1.1290,58.8700,47.6270,11.2430,BALL,6,6,75.41,0.000
1766072804.5059662,0.8600,0.8398,0.0202,67.7900,65.8950,1.8950,CAR ,2,6,2.22,0.019
1766072804.5060635,1.9200,0.7506,1.1694,58.8200,47.4319,11.3881,BALL,6,6,75.39,0.000
1766072804.5573397,0.8600,0.8394,0.0206,67.6900,65.8710,1.8190,CAR ,2,6,2.23,0.012
1766072804.5575025,1.9400,0.7504,1.1896,58.7900,47.3950,11.3950,BALL,6,6,75.38,0.000
1766072804.607791,0.8600,0.8390,0.0210,67.6600,65.8271,1.8329,CAR ,2,6,2.24,0.011
1766072804.6078606,1.9600,0.7501,1.2099,58.7600,47.3404,11.4196,BALL,6,6,75.38,0.000
1766072804.7081184,0.8600,0.8390,0.0210,67.6100,65.7599,1.8501,CAR ,2,6,2.23,0.004
1766072804.708204,1.9800,0.7503,1.2297,58.7400,47.2723,11.4677,BALL,6,6,75.35,0.000
1766072804.7586334,0.8700,0.8390,0.0310,67.5700,65.7611,1.8089,CAR ,2,6,2.23,0.001
1766072804.7587097,1.9800,0.7503,1.2297,58.7300,47.2728,11.4572,BALL,6,6,75.39,0.000
1766072804.8081203,0.8700,0.8391,0.0309,67.5500,65.7510,1.7990,CAR ,2,6,2.22,0.001
1766072804.8082378,2.0000,0.7504,1.2496,58.7200,47.2632,11.4568,BALL,6,6,75.40,0.000
1766072804.9110332,0.8700,0.8391,0.0309,67.5500,65.7614,1.7886,CAR ,2,6,2.24,0.001
1766072804.911118,2.0000,0.7504,1.2496,58.7300,47.2770,11.4530,BALL,6,6,75.37,0.000
1766072804.9614978,0.8700,0.8392,0.0308,67.5700,65.7827,1.7873,CAR ,2,6,2.24,0.002
1766072804.9615557,2.0000,0.7505,1.2495,58.7300,47.3001,11.4299,BALL,6,6,75.38,0.000
1766072805.0111153,0.8700,0.8392,0.0308,67.5900,65.7758,1.8142,CAR ,2,6,2.22,0.001
1766072805.011483,2.0000,0.7505,1.2495,58.7300,47.2921,11.4379,BALL,6,6,75.36,0.000
1766072805.0616932,0.8700,0.8392,0.0308,67.6000,65.7727,1.8273,CAR ,2,6,2.23,0.001
1766072805.0617633,1.9900,0.7505,1.2395,58.7400,47.2895,11.4505,BALL,6,6,75.40,0.000
1766072805.11144,0.8700,0.8392,0.0308,67.5700,65.7701,1.7999,CAR ,2,6,2.23,0.001
1766072805.1128213,1.9900,0.7504,1.2396,58.7300,47.2771,11.4529,BALL,6,6,75.37,0.017
1766072805.1622646,0.8700,0.8392,0.0308,67.5900,65.7506,1.8394,CAR ,2,6,2.21,0.001
1766072805.162368,1.9900,0.7505,1.2395,58.7300,47.2663,11.4637,BALL,6,6,75.39,0.000
1766072805.2118626,0.8700,0.8391,0.0309,67.5800,65.7357,1.8443,CAR ,2,6,2.22,0.002
1766072805.2119226,1.9900,0.7504,1.2396,58.7300,47.2483,11.4817,BALL,6,6,75.38,0.000
1766072805.2615469,0.8700,0.8390,0.0310,67.5900,65.7356,1.8544,CAR ,2,6,2.22,0.001
1766072805.261607,1.9900,0.7503,1.2397,58.7300,47.2489,11.4811,BALL,6,6,75.38,0.000
1766072805.3121278,0.8700,0.8389,0.0311,67.5900,65.7446,1.8454,CAR ,2,6,2.22,0.003
1766072805.3122425,1.9900,0.7502,1.2398,58.7200,47.2549,11.4651,BALL,6,6,75.38,0.000
1766072805.3622644,0.8700,0.8388,0.0312,67.6200,65.7672,1.8528,CAR ,2,6,2.23,0.002
1766072805.3623652,1.9900,0.7501,1.2399,58.7500,47.2741,11.4759,BALL,6,6,75.39,0.000
1766072805.412557,0.8700,0.8387,0.0313,67.5900,65.7045,1.8855,CAR ,2,6,2.22,0.002
1766072805.412619,1.9900,0.7500,1.2400,58.7300,47.2080,11.5220,BALL,6,6,75.37,0.000
1766072805.51373,0.8700,0.8388,0.0312,67.5600,65.7303,1.8297,CAR ,2,6,2.23,0.002
1766072805.5137956,1.9900,0.7501,1.2399,58.7300,47.2376,11.4924,BALL,6,6,75.36,0.000
1766072805.564905,0.8700,0.8389,0.0311,67.5500,65.7387,1.8113,CAR ,2,6,2.23,0.001
1766072805.5655904,1.9800,0.7502,1.2298,58.7400,47.2469,11.4931,BALL,6,6,75.40,0.000
1766072805.6146216,0.8700,0.8389,0.0311,67.5300,65.7389,1.7911,CAR ,2,6,2.23,0.002
1766072805.6146913,1.9800,0.7503,1.2297,58.7300,47.2479,11.4821,BALL,6,6,75.41,0.000
1766072805.6652813,0.8700,0.8389,0.0311,67.5100,65.7285,1.7815,CAR ,2,6,2.22,0.001
1766072805.6660433,1.9900,0.7503,1.2397,58.7300,47.2649,11.4651,BALL,6,6,75.37,0.000
1766072805.7160695,0.8700,0.8390,0.0310,67.5300,65.7267,1.8033,CAR ,2,6,2.22,0.001
1766072805.7161815,1.9900,0.7503,1.2397,58.7300,47.2378,11.4922,BALL,6,6,75.40,0.000
1766072805.7663243,0.8700,0.8399,0.0301,67.5300,66.0896,1.4404,CAR ,2,6,2.24,0.020
1766072805.7664173,1.9900,0.7513,1.2387,58.7300,47.6199,11.1101,BALL,6,6,75.36,0.000
1766072805.866692,0.8700,0.8386,0.0314,67.5900,65.1511,2.4389,CAR ,2,6,2.22,0.017
1766072805.8667843,1.9800,0.7504,1.2296,58.7700,46.6474,12.1226,BALL,6,6,75.40,0.000
1766072805.9169033,0.8700,0.8389,0.0311,67.2400,65.0279,2.2121,CAR ,2,6,2.23,0.014
1766072805.9169776,2.0600,0.7509,1.3091,58.6400,46.5284,12.1116,BALL,6,6,75.36,0.000
1766072805.9672318,0.8600,0.8389,0.0211,66.9000,64.8948,2.0052,CAR ,2,6,2.24,0.010
1766072805.9673908,2.0900,0.7511,1.3389,58.6100,46.3718,12.2382,BALL,6,6,75.37,0.000
1766072806.0167925,0.8600,0.8387,0.0213,66.7300,64.7331,1.9969,CAR ,2,6,2.24,0.010
1766072806.0168686,2.1200,0.7511,1.3689,58.5700,46.2253,12.3447,BALL,6,6,75.37,0.000
1766072806.0673604,0.8400,0.8385,0.0015,66.3900,64.6498,1.7402,CAR ,2,6,2.24,0.013
1766072806.0674453,2.2100,0.7511,1.4589,58.4800,46.1360,12.3440,BALL,6,6,75.36,0.000
1766072806.1669106,0.8400,0.8380,0.0020,66.3500,64.3076,2.0424,CAR ,2,6,2.24,0.014
1766072806.1669953,2.2300,0.7510,1.4790,58.4600,45.7728,12.6872,BALL,6,6,75.38,0.000
1766072806.2175362,0.8400,0.8379,0.0021,66.3400,64.2025,2.1375,CAR ,2,6,2.21,0.016
1766072806.2176528,2.2300,0.7511,1.4789,58.5000,45.6640,12.8360,BALL,6,6,75.36,0.000
1766072806.2668743,0.7900,0.8377,-0.0477,65.5600,64.1841,1.3759,CAR ,2,6,2.23,0.004
1766072806.2669394,2.3200,0.7510,1.5690,58.3800,45.6428,12.7372,BALL,6,6,75.37,0.000
1766072806.3178551,0.7800,0.8376,-0.0576,65.3000,64.0547,1.2453,CAR ,2,6,2.22,0.003
1766072806.317927,2.4900,0.7510,1.7390,58.2400,45.5076,12.7324,BALL,6,6,75.39,0.000
1766072806.3673887,0.7800,0.8397,-0.0597,65.4500,62.9959,2.4541,CAR ,2,6,2.23,0.044
1766072806.3686707,2.4700,0.7530,1.7170,58.3400,44.5015,13.8385,BALL,6,6,75.37,0.000
1766072806.46834,0.7800,0.8490,-0.0690,65.2500,58.6854,6.5646,CAR ,2,6,2.24,0.094
1766072806.4684012,2.5800,0.7613,1.8187,58.1800,40.4166,17.7634,BALL,6,6,75.37,0.000
1766072806.5692065,0.9200,0.8595,0.0605,63.5400,53.9925,9.5475,CAR ,2,6,2.24,0.121
1766072806.6184468,1.0200,0.8648,0.1552,62.8600,51.9648,10.8952,CAR ,2,6,2.22,0.130
1766072806.6689703,1.2400,0.8704,0.3696,61.6400,50.1273,11.5127,CAR ,2,6,2.23,0.131
1766072806.6690366,1.7800,0.7776,1.0024,28.8100,32.4068,-3.5968,BALL,6,4,75.37,0.000
1766072806.7192738,1.4500,0.7802,0.6698,27.7500,30.2387,-2.4887,BALL,6,4,75.39,0.119
1766072806.7701914,1.1200,0.7816,0.3384,26.5500,29.2853,-2.7353,BALL,6,4,75.38,0.107
1766072806.7702944,1.5100,0.8774,0.6326,60.6400,46.8116,13.8284,CAR ,2,6,2.22,0.000
1766072806.820547,0.9800,0.7806,0.1994,26.4900,29.2832,-2.7932,BALL,6,4,75.37,0.082
1766072806.8702285,2.9100,0.8793,2.0307,58.5300,48.5305,9.9995,CAR ,2,6,2.24,0.076
1766072806.9206421,0.8900,0.7791,0.1109,26.1600,30.9882,-4.8282,BALL,6,4,75.35,0.094
1766072806.921876,3.1300,0.8787,2.2513,58.5100,48.4272,10.0828,CAR ,2,6,2.23,0.000
1766072806.9703288,0.9800,0.7775,0.2025,26.6700,31.7366,-5.0666,BALL,6,4,75.37,0.075
1766072806.9716187,2.6700,0.8782,1.7918,59.1000,49.1678,9.9322,CAR ,2,6,2.23,0.000
1766072807.0217843,1.0100,0.7763,0.2337,26.8500,32.5503,-5.7003,BALL,6,4,75.37,0.069
1766072807.021849,2.5700,0.8780,1.6920,59.1200,49.9677,9.1523,CAR ,2,6,2.23,0.000
1766072807.072886,1.0300,0.7763,0.2537,26.9200,33.8339,-6.9139,BALL,6,4,75.35,0.074
1766072807.0729547,2.2900,0.8792,1.4108,59.3500,51.2050,8.1450,CAR ,2,6,2.24,0.000
1766072807.1221874,1.1200,0.7739,0.3461,27.3300,33.8717,-6.5417,BALL,6,4,75.41,0.060
1766072807.1739514,1.2600,0.7732,0.4868,27.8800,34.5565,-6.6765,BALL,6,4,75.37,0.043
1766072807.174038,2.0500,0.8773,1.1727,59.8300,51.9466,7.8834,CAR ,2,6,2.23,0.000
1766072807.2239034,1.2900,0.7721,0.5179,27.9500,35.1978,-7.2478,BALL,6,4,75.39,0.046
1766072807.2243996,1.8400,0.8769,0.9631,60.3000,52.5852,7.7148,CAR ,2,6,2.23,0.000
1766072807.2752151,1.7200,0.8773,0.8427,60.3700,54.0856,6.2844,CAR ,2,6,2.23,0.055
1766072807.3245077,1.3700,0.7688,0.6012,28.1900,36.9109,-8.7209,BALL,6,4,75.36,0.068
1766072807.3245814,1.6500,0.8750,0.7750,60.4700,54.3102,6.1598,CAR ,2,6,2.22,0.000
1766072807.374962,1.4800,0.8741,0.6059,61.2800,55.1240,6.1560,CAR ,2,6,2.23,0.037
1766072807.3750405,1.6200,0.7675,0.8525,28.7700,37.7127,-8.9427,BALL,6,4,75.36,0.000
1766072807.4248369,1.3900,0.8732,0.5168,61.3300,56.0493,5.2807,CAR ,2,6,2.23,0.032
1766072807.4249036,1.7500,0.7662,0.9838,29.0000,38.6221,-9.6221,BALL,6,4,75.40,0.000
1766072807.4754274,1.3100,0.8735,0.4365,61.5400,57.3443,4.1957,CAR ,2,6,2.23,0.019
1766072807.4755535,2.0000,0.7663,1.2337,29.3500,39.9338,-10.5838,BALL,6,4,75.35,0.000
1766072807.5255122,1.1900,0.8714,0.3186,62.2100,57.3372,4.8728,CAR ,2,6,2.24,0.051
1766072807.5759385,2.1800,0.7631,1.4169,29.5600,40.4578,-10.8978,BALL,6,4,75.37,0.015
1766072807.6253364,1.1300,0.8706,0.2594,62.5100,58.6644,3.8456,CAR ,2,6,2.23,0.012
1766072807.625415,2.8700,0.7627,2.1073,30.1100,41.2012,-11.0912,BALL,6,4,75.35,0.000
1766072807.6754718,1.0700,0.8707,0.1993,62.7200,59.4907,3.2293,CAR ,2,6,2.23,0.004
1766072807.6755595,3.0400,0.7628,2.2772,30.1800,42.0320,-11.8520,BALL,6,4,75.37,0.000
1766072807.726884,1.0400,0.8697,0.1703,62.7700,59.6776,3.0924,CAR ,2,6,2.22,0.023
1766072807.727102,3.5100,0.7617,2.7483,30.4200,42.1945,-11.7745,BALL,6,4,75.37,0.000
1766072807.7778382,0.9900,0.8686,0.1214,63.3200,60.1352,3.1848,CAR ,2,6,2.23,0.023
1766072807.7779346,5.0400,0.7606,4.2794,30.8400,42.6306,-11.7906,BALL,6,4,75.35,0.000
1766072807.8299973,4.8100,0.7603,4.0497,30.7500,43.5635,-12.8135,BALL,6,4,75.35,0.006
1766072807.8806033,0.9800,0.8674,0.1126,63.2700,61.2758,1.9942,CAR ,2,6,2.23,0.024
1766072807.8806994,6.6600,0.7592,5.9008,31.0800,43.6595,-12.5795,BALL,6,4,75.40,0.000
1766072807.9309886,0.9400,0.8663,0.0737,63.6700,61.8068,1.8632,CAR ,2,6,2.24,0.016
1766072807.9812505,0.9100,0.8648,0.0452,64.1400,62.3096,1.8304,CAR ,2,6,2.23,0.029
1766072808.031847,0.9000,0.8645,0.0355,64.0000,63.0411,0.9589,CAR ,2,6,2.22,0.019
1766072808.0808856,0.8700,0.8630,0.0070,64.3600,63.3913,0.9687,CAR ,2,6,2.24,0.033
1766072808.1352031,0.8400,0.8615,-0.0215,64.8700,63.6025,1.2675,CAR ,2,6,2.22,0.033
1766072808.138668,2.7500,0.7548,1.9952,58.0600,45.9146,12.1454,BALL,6,6,75.39,0.000
1766072808.237427,0.8300,0.8610,-0.0310,65.0900,64.4795,0.6105,CAR ,2,6,2.21,0.020
1766072808.2432508,2.5600,0.7547,1.8053,58.2500,46.6824,11.5676,BALL,6,6,75.37,0.048
1766072808.2879727,0.8300,0.8591,-0.0291,65.1800,64.1801,0.9999,CAR ,2,6,2.23,0.041
1766072808.2880402,2.4700,0.7533,1.7167,58.3500,46.4248,11.9252,BALL,6,6,75.39,0.000
1766072808.3889542,0.8700,0.8586,0.0114,66.3700,65.1168,1.2532,CAR ,2,6,2.22,0.023
1766072808.39128,2.2400,0.7535,1.4865,58.7400,47.3371,11.4029,BALL,6,6,75.35,0.000
1766072808.439011,0.8700,0.8564,0.0136,66.1700,64.8204,1.3496,CAR ,2,6,2.23,0.048
1766072808.439074,2.2100,0.7517,1.4583,58.5300,46.9860,11.5440,BALL,6,6,75.40,0.000
1766072808.490023,0.8900,0.8554,0.0346,66.6400,64.8391,1.8009,CAR ,2,6,2.22,0.029
1766072808.4901376,2.1300,0.7511,1.3789,58.6900,46.9719,11.7181,BALL,6,6,75.38,0.000
1766072808.5406032,0.8900,0.8550,0.0350,66.8000,65.1743,1.6257,CAR ,2,6,2.23,0.041
1766072808.5407133,2.0600,0.7513,1.3087,58.7000,47.2861,11.4139,BALL,6,6,75.36,0.000
1766072808.590845,0.8900,0.8545,0.0355,66.7900,65.2696,1.5204,CAR ,2,6,2.23,0.038
1766072808.590971,2.0500,0.7512,1.2988,58.6700,47.3244,11.3456,BALL,6,6,75.38,0.000
1766072808.6404207,0.9000,0.8523,0.0477,67.0400,64.9642,2.0758,CAR ,2,6,2.23,0.050
1766072808.6404874,2.0100,0.7498,1.2602,58.7700,46.9968,11.7732,BALL,6,6,75.37,0.000
1766072808.6899407,0.9100,0.8511,0.0589,67.1200,65.2533,1.8667,CAR ,2,6,2.23,0.046
1766072808.6900165,1.9900,0.7492,1.2408,58.7600,47.2441,11.5159,BALL,6,6,75.40,0.000
1766072808.7918534,0.9100,0.8484,0.0616,67.2600,65.6645,1.5955,CAR ,2,6,2.22,0.045
1766072808.791943,2.0000,0.7478,1.2522,58.7200,47.5749,11.1451,BALL,6,6,75.37,0.000
1766072808.8423758,0.8800,0.8474,0.0326,67.6600,65.7366,1.9234,CAR ,2,6,2.22,0.036
1766072808.8424644,1.9200,0.7473,1.1727,58.9400,47.6145,11.3255,BALL,6,6,75.38,0.000
1766072808.9419453,0.8700,0.8469,0.0231,67.4800,66.0492,1.4308,CAR ,2,6,2.23,0.038
1766072808.9420462,1.9200,0.7480,1.1720,58.8200,47.8962,10.9238,BALL,6,6,75.38,0.000
1766072808.9925847,0.8700,0.8454,0.0246,67.7100,65.6206,2.0894,CAR ,2,6,2.22,0.040
1766072808.9926805,1.8800,0.7470,1.1330,58.9200,47.4225,11.4975,BALL,6,6,75.41,0.000
1766072809.0433114,0.8500,0.8447,0.0053,67.8300,65.5828,2.2472,CAR ,2,6,2.21,0.030
1766072809.0434244,1.8500,0.7468,1.1032,58.9600,47.3647,11.5953,BALL,6,6,75.34,0.000
1766072809.0933166,0.8600,0.8451,0.0149,67.4300,66.2291,1.2009,CAR ,2,6,2.22,0.049
1766072809.0933988,1.9500,0.7479,1.2021,58.7700,48.0081,10.7619,BALL,6,6,75.35,0.000
1766072809.1946242,0.8700,0.8415,0.0285,67.5600,65.6687,1.8913,CAR ,2,6,2.22,0.045
1766072809.1947284,1.9000,0.7454,1.1546,58.8300,47.3468,11.4832,BALL,6,6,75.36,0.000
1766072809.2455723,0.8700,0.8417,0.0283,67.5200,66.1600,1.3600,CAR ,2,6,2.22,0.040
1766072809.2456677,1.9200,0.7461,1.1739,58.8100,47.8295,10.9805,BALL,6,6,75.39,0.000
1766072809.2951055,0.8700,0.8410,0.0290,67.4600,65.9156,1.5444,CAR ,2,6,2.26,0.035
1766072809.2952085,1.9500,0.7460,1.2040,58.7700,47.5603,11.2097,BALL,6,6,75.40,0.000
1766072809.3458588,0.8700,0.8392,0.0308,67.6100,65.4549,2.1551,CAR ,2,6,2.22,0.041
1766072809.3459306,1.9200,0.7446,1.1754,58.8300,47.0517,11.7783,BALL,6,6,75.37,0.000
1766072809.395264,0.8600,0.8391,0.0209,67.4900,65.6704,1.8196,CAR ,2,6,2.23,0.030
1766072809.3953314,1.9400,0.7450,1.1950,58.7900,47.2593,11.5307,BALL,6,6,75.38,0.000
1766072809.4456608,0.8600,0.8391,0.0209,67.2700,65.6663,1.6037,CAR ,2,6,2.22,0.030
1766072809.44572,2.0100,0.7454,1.2646,58.7000,47.2480,11.4520,BALL,6,6,75.38,0.000
1766072809.546515,0.8600,0.8374,0.0226,67.5600,65.1048,2.4552,CAR ,2,6,2.21,0.021
1766072809.546578,1.9600,0.7443,1.2157,58.8300,46.6411,12.1889,BALL,6,6,75.38,0.000
1766072809.5956154,0.8600,0.8384,0.0216,66.8600,65.4711,1.3889,CAR ,2,6,2.24,0.035
1766072809.5956907,2.1500,0.7457,1.4043,58.5400,47.0232,11.5168,BALL,6,6,75.38,0.000
1766072809.6462567,0.8700,0.8366,0.0334,66.7600,64.8682,1.8918,CAR ,2,6,2.22,0.036
1766072809.6463208,2.1600,0.7442,1.4158,58.5400,46.3743,12.1657,BALL,6,6,75.37,0.000
1766072809.6963646,0.8800,0.8361,0.0439,67.1600,64.8100,2.3500,CAR ,2,6,2.22,0.023
1766072809.696427,2.0800,0.7439,1.3361,58.6900,46.2991,12.3909,BALL,6,6,75.37,0.000
1766072809.7468197,0.8600,0.8365,0.0235,66.6400,65.2206,1.4194,CAR ,2,6,2.24,0.024
1766072809.746912,2.1900,0.7447,1.4453,58.5000,46.7128,11.7872,BALL,6,6,75.38,0.000
1766072809.8481681,0.8600,0.8353,0.0247,66.6700,64.7099,1.9601,CAR ,2,6,2.23,0.015
1766072809.8482769,2.1800,0.7440,1.4360,58.5100,46.1694,12.3406,BALL,6,6,75.36,0.000
1766072809.8982656,0.8300,0.8351,-0.0051,66.4200,64.6966,1.7234,CAR ,2,6,2.21,0.010
1766072809.8983674,2.2000,0.7439,1.4561,58.4900,46.1511,12.3389,BALL,6,6,75.39,0.000
1766072809.948539,0.8400,0.8358,0.0042,66.4100,65.0789,1.3311,CAR ,2,6,2.23,0.021
1766072809.9497685,2.2100,0.7447,1.4653,58.4800,46.5469,11.9331,BALL,6,6,75.36,0.000
1766072809.9989774,0.8500,0.8345,0.0155,66.4800,64.3098,2.1702,CAR ,2,6,2.24,0.025
1766072809.9990647,2.2100,0.7436,1.4664,58.4800,45.7447,12.7353,BALL,6,6,75.36,0.000
1766072810.0492446,0.8200,0.8343,-0.0143,66.2000,64.3105,1.8895,CAR ,2,6,2.23,0.008
1766072810.0493083,2.2300,0.7435,1.4865,58.4700,45.7360,12.7340,BALL,6,6,75.39,0.000
1766072810.0987988,0.8100,0.8353,-0.0253,65.9300,64.9128,1.0172,CAR ,2,6,2.23,0.026
1766072810.098891,2.3400,0.7447,1.5953,58.3600,46.3616,11.9984,BALL,6,6,75.36,0.000
1766072810.1492317,0.8200,0.8344,-0.0144,66.0100,64.5350,1.4750,CAR ,2,6,2.23,0.018
1766072810.2011435,2.3600,0.7438,1.6162,58.3400,45.8629,12.4771,BALL,6,6,75.36,0.007
1766072810.2494326,0.8100,0.8347,-0.0247,65.9000,64.7504,1.1496,CAR ,2,6,2.21,0.014
1766072810.2497241,2.3000,0.7444,1.5556,58.4200,46.1780,12.2420,BALL,6,6,75.38,0.000
1766072810.3007963,0.8000,0.8339,-0.0339,65.8000,64.4481,1.3519,CAR ,2,6,2.23,0.017
1766072810.30088,2.3300,0.7437,1.5863,58.3800,45.8568,12.5232,BALL,6,6,75.38,0.000
1766072810.3507597,0.8100,0.8336,-0.0236,65.8900,64.2678,1.6222,CAR ,2,6,2.23,0.012
1766072810.3508685,2.3300,0.7436,1.5864,58.3800,45.6684,12.7116,BALL,6,6,75.38,0.000
1766072810.4007318,0.7900,0.8337,-0.0437,65.6700,64.4318,1.2382,CAR ,2,6,2.23,0.008
1766072810.4007993,2.3200,0.7439,1.5761,58.3800,45.8305,12.5495,BALL,6,6,75.39,0.000
1766072810.4511971,0.7800,0.8340,-0.0540,65.4400,64.5913,0.8487,CAR ,2,6,2.22,0.015
1766072810.45246,2.4800,0.7444,1.7356,58.2500,45.9965,12.2535,BALL,6,6,75.36,0.000
1766072810.5015662,0.7900,0.8332,-0.0432,65.6700,64.1254,1.5446,CAR ,2,6,2.22,0.016
1766072810.5016282,2.4400,0.7437,1.6963,58.3100,45.5092,12.8008,BALL,6,6,75.38,0.000
1766072810.5516148,0.7800,0.8330,-0.0530,65.5300,64.2224,1.3076,CAR ,2,6,2.23,0.010
1766072810.5516825,2.3800,0.7437,1.6363,58.3400,45.5991,12.7409,BALL,6,6,75.38,0.000
1766072810.652924,0.7700,0.8327,-0.0627,65.2700,64.0348,1.2352,CAR ,2,6,2.23,0.017
1766072810.6529891,2.6600,0.7439,1.9161,58.1200,45.3992,12.7208,BALL,6,6,75.37,0.000
1766072810.7027612,0.7900,0.8325,-0.0425,65.7500,64.0857,1.6643,CAR ,2,6,2.24,0.007
1766072810.7031074,2.4100,0.7438,1.6662,58.4100,45.4440,12.9660,BALL,6,6,75.37,0.000
1766072810.7525938,0.7800,0.8334,-0.0534,65.4100,64.5014,0.9086,CAR ,2,6,2.24,0.025
1766072810.7526784,2.4800,0.7449,1.7351,58.2500,45.8769,12.3731,BALL,6,6,75.37,0.000
1766072810.8024225,0.7800,0.8319,-0.0519,65.3100,63.9652,1.3448,CAR ,2,6,2.23,0.029
1766072810.8024821,2.6300,0.7435,1.8865,58.1400,45.3034,12.8366,BALL,6,6,75.36,0.000
1766072810.853346,0.7800,0.8318,-0.0518,65.5600,63.8332,1.7268,CAR ,2,6,2.24,0.007
1766072810.8534372,2.4000,0.7436,1.6564,58.3700,45.1703,13.1997,BALL,6,6,75.36,0.000
1766072810.9030123,0.7800,0.8329,-0.0529,65.2400,64.2297,1.0103,CAR ,2,6,2.23,0.027
1766072810.904243,2.6700,0.7448,1.9252,58.1100,45.5867,12.5233,BALL,6,6,75.39,0.000
1766072810.954531,0.7700,0.8320,-0.0620,65.2100,63.7291,1.4809,CAR ,2,6,2.24,0.019
1766072810.9560416,2.7900,0.7438,2.0462,58.0400,44.9760,13.0640,BALL,6,6,75.38,0.135
1766072811.005585,0.7700,0.8315,-0.0615,65.2400,63.4703,1.7697,CAR ,2,6,2.23,0.008
1766072811.0056453,2.8400,0.7437,2.0963,58.0300,44.7929,13.2371,BALL,6,6,75.39,0.000
1766072811.1058993,0.7800,0.8318,-0.0518,65.0500,63.2973,1.7527,CAR ,2,6,2.23,0.012
1766072811.1059604,3.1100,0.7444,2.3656,57.8600,44.6240,13.2360,BALL,6,6,75.39,0.000
1766072811.1559827,0.7800,0.8314,-0.0514,65.1600,62.9391,2.2209,CAR ,2,6,2.23,0.009
1766072811.156103,2.9800,0.7439,2.2361,57.9400,44.2558,13.6842,BALL,6,6,75.39,0.000
1766072811.2092626,0.7900,0.8326,-0.0426,65.1000,63.4180,1.6820,CAR ,2,6,2.22,0.023
1766072811.209347,3.1400,0.7452,2.3948,57.8500,44.7611,13.0889,BALL,6,6,75.41,0.000
1766072811.2605617,0.8000,0.8321,-0.0321,64.8000,63.0132,1.7868,CAR ,2,6,2.24,0.010
1766072811.310664,0.8200,0.8320,-0.0120,65.1800,62.7412,2.4388,CAR ,2,6,2.23,0.003
1766072811.3107696,3.2100,0.7445,2.4655,57.8100,44.0745,13.7355,BALL,6,6,75.38,0.000
1766072811.411171,0.8200,0.8328,-0.0128,64.8400,62.9605,1.8795,CAR ,2,6,2.24,0.008
1766072811.461111,0.8200,0.8327,-0.0127,64.7900,62.7010,2.0890,CAR ,2,6,2.24,0.006
1766072811.5118277,0.8100,0.8339,-0.0239,64.9600,63.0861,1.8739,CAR ,2,6,2.24,0.025
1766072811.5119264,3.2800,0.7462,2.5338,57.7800,44.4656,13.3144,BALL,6,6,75.37,0.000
1766072811.5623417,0.8100,0.8343,-0.0243,64.7300,62.7887,1.9413,CAR ,2,6,2.23,0.009
1766072811.6117463,0.8200,0.8332,-0.0132,64.8800,62.2964,2.5836,CAR ,2,6,2.23,0.023
1766072811.6628144,0.8100,0.8353,-0.0253,64.7800,61.9831,2.7969,CAR ,2,6,2.22,0.042
1766072811.7125046,0.8200,0.8398,-0.0198,64.5700,60.1097,4.4603,CAR ,2,6,2.21,0.089
1766072811.8126228,0.8500,0.8495,0.0005,64.2300,55.4758,8.7542,CAR ,2,6,2.23,0.109
1766072811.8635116,0.9100,0.8555,0.0545,63.7000,53.4803,10.2197,CAR ,2,6,2.22,0.129
1766072811.9130166,1.1100,0.8594,0.2506,62.3000,50.8895,11.4105,CAR ,2,6,2.21,0.114
1766072811.9629028,1.2900,0.8638,0.4262,61.4300,49.3356,12.0944,CAR ,2,6,2.23,0.128
1766072811.9632077,1.8600,0.7694,1.0906,28.9500,31.4930,-2.5430,BALL,6,4,75.39,0.000
1766072812.014097,1.4500,0.8704,0.5796,60.8200,48.2962,12.5238,CAR ,2,6,2.23,0.171
1766072812.0142105,1.4500,0.7742,0.6758,27.6900,30.4880,-2.7980,BALL,6,4,75.38,0.000
1766072812.0632668,1.1100,0.7750,0.3350,26.6100,28.3765,-1.7665,BALL,6,4,75.38,0.128
1766072812.0633402,2.0300,0.8734,1.1566,59.5100,45.9458,13.5642,CAR ,2,6,2.24,0.000
1766072812.1139882,1.0100,0.7744,0.2356,26.8200,28.9678,-2.1478,BALL,6,4,75.37,0.096
1766072812.1153142,2.1700,0.8743,1.2957,59.3200,46.5951,12.7249,CAR ,2,6,2.23,0.435
1766072812.1634905,0.8800,0.7739,0.1061,25.6900,29.9837,-4.2937,BALL,6,4,75.37,0.091
1766072812.1635678,2.8800,0.8753,2.0047,58.5600,47.4619,11.0981,CAR ,2,6,2.23,0.000
1766072812.2652824,0.8700,0.7699,0.1001,25.9900,30.3771,-4.3871,BALL,6,4,75.36,0.110
1766072812.2653732,2.8400,0.8747,1.9653,58.8200,47.8127,11.0073,CAR ,2,6,2.24,0.000
1766072812.3164244,0.9300,0.7689,0.1611,26.3900,31.7682,-5.3782,BALL,6,4,75.37,0.113
1766072812.3164878,2.8100,0.8754,1.9346,58.9300,49.1536,9.7764,CAR ,2,6,2.24,0.000
1766072812.367356,0.9600,0.7670,0.1930,26.5400,32.4966,-5.9566,BALL,6,4,75.37,0.078
1766072812.3674345,2.7700,0.8746,1.8954,58.8800,49.8784,9.0016,CAR ,2,6,2.24,0.000
1766072812.4194202,1.0700,0.7651,0.3049,27.1500,33.8698,-6.7198,BALL,6,4,75.35,0.065
1766072812.4195442,2.4500,0.8736,1.5764,59.2700,51.2536,8.0164,CAR ,2,6,2.24,0.000
1766072812.4697797,1.1800,0.7646,0.4154,27.5700,35.4697,-7.8997,BALL,6,4,75.37,0.062
1766072812.4698937,2.1400,0.8740,1.2660,59.8000,52.8276,6.9724,CAR ,2,6,2.22,0.000
1766072812.5223358,1.2300,0.7615,0.4685,27.7800,36.2198,-8.4398,BALL,6,4,75.38,0.067
1766072812.5237317,2.0200,0.8717,1.1483,59.8800,53.6120,6.2680,CAR ,2,6,2.23,0.000
1766072812.572687,1.6800,0.8700,0.8100,60.8200,54.7038,6.1162,CAR ,2,6,2.24,0.052
1766072812.5727656,1.5000,0.7593,0.7407,28.5100,37.2821,-8.7721,BALL,6,4,75.37,0.000
1766072812.62426,1.5400,0.8703,0.6697,60.9600,56.1665,4.7935,CAR ,2,6,2.23,0.025
1766072812.6732664,1.3800,0.8688,0.5112,61.5400,56.3924,5.1476,CAR ,2,6,2.22,0.041
1766072812.6733708,1.6100,0.7574,0.8526,28.7400,38.9593,-10.2193,BALL,6,4,75.40,0.000
1766072812.7244556,1.2400,0.8683,0.3717,62.3200,56.7320,5.5880,CAR ,2,6,2.23,0.026
1766072812.7739193,2.3300,0.7570,1.5730,29.7100,40.4170,-10.7070,BALL,6,4,75.35,0.020
1766072812.8248162,1.1700,0.8676,0.3024,62.2100,57.9804,4.2296,CAR ,2,6,2.23,0.033
1766072812.8248863,2.3800,0.7555,1.6245,29.7400,40.5356,-10.7956,BALL,6,4,75.39,0.000
1766072812.8754206,1.1300,0.8660,0.2640,62.2800,58.4252,3.8548,CAR ,2,6,2.22,0.033
1766072812.8755016,2.7900,0.7538,2.0362,30.0600,40.9493,-10.8893,BALL,6,4,75.39,0.000
1766072812.926084,1.0700,0.8662,0.2038,62.7700,59.7872,2.9828,CAR ,2,6,2.24,0.006
1766072812.9261427,3.3300,0.7541,2.5759,30.3400,42.3122,-11.9722,BALL,6,4,75.37,0.000
1766072812.975861,1.0400,0.8637,0.1763,62.7600,59.9381,2.8219,CAR ,2,6,2.24,0.049
1766072812.9759226,3.6100,0.7518,2.8582,30.4200,42.4070,-11.9870,BALL,6,4,75.38,0.000
1766072813.0291102,0.9900,0.8619,0.1281,63.4300,60.4756,2.9544,CAR ,2,6,2.22,0.034
1766072813.0291843,4.9100,0.7501,4.1599,30.8200,42.9036,-12.0836,BALL,6,4,75.37,0.000
1766072813.0799553,4.8100,0.7497,4.0603,30.7900,43.9567,-13.1667,BALL,6,4,75.37,0.013
1766072813.1312952,0.9600,0.8591,0.1009,63.6300,61.5029,2.1271,CAR ,2,6,2.24,0.049
1766072813.1809947,0.9300,0.8551,0.0749,64.0900,59.8401,4.2499,CAR ,2,6,2.23,0.080
1766072813.2304587,0.9000,0.8490,0.0510,64.1200,56.5840,7.5360,CAR ,2,6,2.23,0.129
1766072813.2811067,0.9500,0.8406,0.1094,63.3400,52.5286,10.8114,CAR ,2,6,2.22,0.175
1766072813.2811837,4.2400,0.7286,3.5114,30.6000,34.4774,-3.8774,BALL,6,4,75.37,0.000
1766072813.3812778,1.0400,0.8200,0.2200,62.7200,41.6181,21.1019,CAR ,2,6,2.24,0.223
1766072813.381342,3.0700,0.7064,2.3636,29.7800,23.1070,6.6730,BALL,6,4,75.39,0.000
1766072813.4314008,1.4900,0.8114,0.6786,60.6900,38.4390,22.2510,CAR ,2,6,2.21,0.213
1766072813.4314606,1.6000,0.6962,0.9038,26.8800,19.7515,7.1285,BALL,6,4,75.36,0.000
1766072813.4820442,0.9600,0.6865,0.2735,20.8500,17.6510,3.1990,BALL,6,4,75.35,0.216
1766072813.4823728,2.9200,0.8038,2.1162,58.5300,36.4848,22.0452,CAR ,2,6,2.23,0.000
1766072813.5318427,0.7900,0.6787,0.1113,20.2700,17.7371,2.5329,BALL,6,4,75.39,0.201
1766072813.5319202,2.2800,0.7984,1.4816,28.5500,36.6545,-8.1045,CAR ,2,4,2.23,0.000
1766072813.5832922,0.7300,0.6746,0.0554,18.0600,18.9904,-0.9304,BALL,6,4,75.40,0.149
1766072813.5833628,1.8000,0.7965,1.0035,27.2500,37.8957,-10.6457,CAR ,2,4,2.23,0.000
1766072813.633912,0.6900,0.6703,0.0197,18.5100,20.2393,-1.7293,BALL,6,4,75.40,0.135
1766072813.6339827,1.7100,0.7943,0.9157,27.9000,39.1513,-11.2513,CAR ,2,4,2.23,0.000
1766072813.7337613,0.6800,0.6627,0.0173,20.1100,23.1503,-3.0403,BALL,6,4,75.39,0.113
1766072813.7338269,2.0600,0.7897,1.2703,28.5800,42.0962,-13.5162,CAR ,2,4,2.23,0.000
1766072813.7842526,0.6600,0.6598,0.0002,20.9000,24.7202,-3.8202,BALL,6,4,75.38,0.082
1766072813.7843218,2.1800,0.7879,1.3921,28.7600,43.6847,-14.9247,CAR ,2,4,2.23,0.000
1766072813.8356907,0.6500,0.6570,-0.0070,22.4800,25.6620,-3.1820,BALL,6,4,75.38,0.085
1766072813.835905,2.8200,0.7863,2.0337,29.4600,44.7474,-15.2874,CAR ,2,4,2.23,0.000
1766072813.8359601,4.6200,0.7863,3.8337,57.7300,44.7474,12.9826,CAR ,2,6,2.23,0.000
1766072813.8904264,0.6500,0.6537,-0.0037,23.9500,26.5672,-2.6172,BALL,6,4,75.38,0.095
1766072813.9406908,0.6900,0.6513,0.0387,24.3600,27.7769,-3.4169,BALL,6,4,75.37,0.090
1766072813.9407783,3.4300,0.7837,2.6463,58.3100,46.7191,11.5909,CAR ,2,6,2.23,0.000
1766072813.9930458,2.7100,0.7822,1.9278,59.1000,47.9416,11.1584,CAR ,2,6,2.23,0.092
1766072814.0416307,0.7500,0.6467,0.1033,24.9700,30.3126,-5.3426,BALL,6,4,75.38,0.064
1766072814.0926344,0.7800,0.6448,0.1352,25.2800,31.4136,-6.1336,BALL,6,4,75.38,0.055
1766072814.0926993,2.0700,0.7803,1.2897,59.9000,50.3540,9.5460,CAR ,2,6,2.22,0.000
1766072814.1439846,0.8500,0.6440,0.2060,25.8300,32.7482,-6.9182,BALL,6,4,75.38,0.053
1766072814.1946745,0.9400,0.6417,0.2983,26.4700,32.8712,-6.4012,BALL,6,4,75.37,0.067
1766072814.1947472,1.8300,0.7791,1.0509,60.1800,51.7823,8.3977,CAR ,2,6,2.24,0.000
1766072814.2446868,0.9900,0.6408,0.3492,26.7600,33.5579,-6.7979,BALL,6,4,75.42,0.033
1766072814.2447562,1.5900,0.7787,0.8113,60.8600,52.4669,8.3931,CAR ,2,6,2.23,0.000
1766072814.294916,1.0500,0.6396,0.4104,27.0500,34.2791,-7.2291,BALL,6,4,75.40,0.024
1766072814.2949772,1.5100,0.7775,0.7325,60.7900,53.2158,7.5742,CAR ,2,6,2.25,0.000
1766072814.3467658,1.1300,0.6393,0.4907,27.3900,36.2371,-8.8471,BALL,6,4,75.40,0.010
1766072814.3468287,1.4300,0.7771,0.6529,61.0200,55.1889,5.8311,CAR ,2,6,2.23,0.000
1766072814.397543,1.3400,0.7745,0.5655,61.4800,55.5880,5.8920,CAR ,2,6,2.23,0.051
1766072814.4487343,1.2600,0.6361,0.6239,27.8700,37.5810,-9.7110,BALL,6,4,75.38,0.017
1766072814.4982219,1.2500,0.7734,0.4766,61.9800,57.6618,4.3182,CAR ,2,6,2.23,0.013
1766072814.4983144,1.3500,0.6361,0.7139,28.1300,38.5939,-10.4639,BALL,6,4,75.38,0.000
1766072814.5498226,1.1500,0.7719,0.3781,62.3800,57.9167,4.4633,CAR ,2,6,2.22,0.034
1766072814.5503535,1.4200,0.6348,0.7852,28.3200,38.7953,-10.4753,BALL,6,4,75.39,0.000
1766072814.599447,1.0800,0.7714,0.3086,62.8600,58.3232,4.5368,CAR ,2,6,2.22,0.016
1766072814.5997698,1.6700,0.6347,1.0353,28.8600,39.1814,-10.3214,BALL,6,4,75.38,0.000
1766072814.6510162,1.0300,0.7715,0.2585,62.8100,59.3557,3.4543,CAR ,2,6,2.24,0.017
1766072814.651112,1.7400,0.6350,1.1050,28.9800,40.2040,-11.2240,BALL,6,4,75.40,0.000
1766072814.7006366,0.9900,0.7690,0.2210,63.0300,59.2089,3.8211,CAR ,2,6,2.24,0.054
1766072814.7009509,1.8000,0.6329,1.1671,29.0300,39.9730,-10.9430,BALL,6,4,75.40,0.000
1766072814.7497542,0.9700,0.7683,0.2017,63.4000,59.7086,3.6914,CAR ,2,6,2.22,0.025
1766072814.7523787,1.9500,0.6326,1.3174,29.2900,40.4248,-11.1348,BALL,6,4,75.39,0.093
1766072814.8504324,0.9600,0.7662,0.1938,63.2400,60.3851,2.8549,CAR ,2,6,2.22,0.028
1766072814.850501,1.9400,0.6313,1.3087,29.2100,41.0361,-11.8261,BALL,6,4,75.37,0.000
1766072814.9009514,0.9300,0.7653,0.1647,63.5900,60.7172,2.8728,CAR ,2,6,2.23,0.031
1766072814.9010155,2.1900,0.6309,1.5591,29.5700,41.3224,-11.7524,BALL,6,4,75.38,0.000
1766072814.9510639,0.9100,0.7645,0.1455,63.8400,61.0845,2.7555,CAR ,2,6,2.25,0.030
1766072814.9511487,2.4000,0.6306,1.7694,29.7300,41.6526,-11.9226,BALL,6,4,75.37,0.000
1766072815.0018811,0.8900,0.7637,0.1263,63.8400,61.2546,2.5854,CAR ,2,6,2.23,0.031
1766072815.0019412,2.2800,0.6303,1.6497,29.5800,41.7829,-12.2029,BALL,6,4,75.40,0.000
1766072815.0529437,0.8700,0.7623,0.1077,64.1800,61.1131,3.0669,CAR ,2,6,2.21,0.034
1766072815.0530243,2.6700,0.6293,2.0407,29.9800,41.5876,-11.6076,BALL,6,4,75.38,0.000
1766072815.1028025,0.8800,0.7618,0.1182,63.9600,61.2269,2.7331,CAR ,2,6,2.24,0.020
1766072815.1029193,3.0100,0.6292,2.3808,30.1100,41.6785,-11.5685,BALL,6,4,75.39,0.000
1766072815.1539378,0.8600,0.7622,0.0978,64.2600,61.5303,2.7297,CAR ,2,6,2.23,0.019
1766072815.1540482,2.9700,0.6298,2.3402,30.0600,41.9821,-11.9221,BALL,6,4,75.38,0.000
1766072815.2040029,0.8600,0.7608,0.0992,64.3400,60.8680,3.4720,CAR ,2,6,2.22,0.027
1766072815.2041068,3.0000,0.6287,2.3713,30.1100,41.2752,-11.1652,BALL,6,4,75.41,0.000
1766072815.304442,0.8800,0.7594,0.1206,63.9500,60.6742,3.2758,CAR ,2,6,2.23,0.017
1766072815.304556,3.0300,0.6276,2.4024,30.0100,41.0283,-11.0183,BALL,6,4,75.40,0.000
1766072815.3550544,0.8800,0.7587,0.1213,63.9800,60.5138,3.4662,CAR ,2,6,2.23,0.018
1766072815.3551588,2.9200,0.6271,2.2929,29.9700,40.8407,-10.8707,BALL,6,4,75.39,0.000
1766072815.4051888,0.8900,0.7570,0.1330,63.8300,60.1918,3.6382,CAR ,2,6,2.23,0.043
1766072815.4052708,2.4500,0.6259,1.8241,29.6700,40.4529,-10.7829,BALL,6,4,75.39,0.000
1766072815.4558501,0.8900,0.7564,0.1336,63.8700,60.4729,3.3971,CAR ,2,6,2.22,0.032
1766072815.4561334,2.2100,0.6259,1.5841,29.4400,40.7004,-11.2604,BALL,6,4,75.39,0.000
1766072815.5055232,0.9100,0.7561,0.1539,63.6900,60.3072,3.3828,CAR ,2,6,2.23,0.035
1766072815.5055943,2.1400,0.6262,1.5138,29.4000,40.5094,-11.1094,BALL,6,4,75.38,0.000
1766072815.5554657,2.2000,0.6254,1.5746,29.5800,40.1147,-10.5347,BALL,6,4,75.40,0.035
1766072815.6065109,0.9000,0.7539,0.1461,63.8600,60.2663,3.5937,CAR ,2,6,2.23,0.031
1766072815.6065764,2.0200,0.6250,1.3950,29.2800,40.3720,-11.0920,BALL,6,4,75.39,0.000
1766072815.6557806,0.9000,0.7536,0.1464,63.7200,60.3641,3.3559,CAR ,2,6,2.24,0.027
1766072815.7061093,0.9100,0.7525,0.1575,63.8300,60.0712,3.7588,CAR ,2,6,2.23,0.024
1766072815.7061677,1.9400,0.6243,1.3157,29.2400,40.1179,-10.8779,BALL,6,4,75.38,0.000
1766072815.7583885,0.9000,0.7525,0.1475,63.8400,60.0668,3.7732,CAR ,2,6,2.23,0.008
1766072815.7584572,2.1000,0.6245,1.4755,29.4800,40.1077,-10.6277,BALL,6,4,75.35,0.000
1766072815.8090136,0.9100,0.7522,0.1578,63.6500,59.8040,3.8460,CAR ,2,6,2.22,0.006
1766072815.8091087,2.0200,0.6242,1.3958,29.3300,39.8335,-10.5035,BALL,6,4,75.42,0.000
1766072815.8589463,0.9100,0.7511,0.1589,63.7900,59.4275,4.3625,CAR ,2,6,2.22,0.023
1766072815.859011,2.0000,0.6233,1.3767,29.3500,39.4189,-10.0689,BALL,6,4,75.37,0.000
1766072815.9088767,1.9900,0.6229,1.3671,29.2800,39.5112,-10.2312,BALL,6,4,75.37,0.015
1766072815.9583037,0.9300,0.7505,0.1795,63.4700,59.5036,3.9664,CAR ,2,6,2.23,0.010
1766072815.9583685,1.9100,0.6231,1.2869,29.0900,39.4656,-10.3756,BALL,6,4,75.38,0.000
1766072816.0087137,0.9300,0.7492,0.1808,63.4900,59.0243,4.4657,CAR ,2,6,2.22,0.027
1766072816.0088103,1.8800,0.6220,1.2580,29.1700,38.9379,-9.7679,BALL,6,4,75.39,0.000
1766072816.0582366,0.9400,0.7478,0.1922,63.4500,58.5573,4.8927,CAR ,2,6,2.24,0.027
1766072816.0583131,1.8600,0.6209,1.2391,29.1100,38.4293,-9.3193,BALL,6,4,75.38,0.000
1766072816.110144,0.9400,0.7475,0.1925,63.4200,58.3853,5.0347,CAR ,2,6,2.23,0.009
1766072816.1102214,1.7700,0.6206,1.1494,28.8400,38.2433,-9.4033,BALL,6,4,75.37,0.000
1766072816.160672,0.9700,0.7428,0.2272,63.1600,56.0298,7.1302,CAR ,2,6,2.23,0.094
1766072816.209881,1.0000,0.7411,0.2589,62.9800,54.9575,8.0225,CAR ,2,6,2.24,0.039
1766072816.2105277,1.7100,0.6139,1.0961,28.8600,34.5786,-5.7186,BALL,6,4,75.38,0.000
1766072816.2612324,1.6200,0.6101,1.0099,28.4600,32.3419,-3.8819,BALL,6,4,75.38,0.074
1766072816.3115785,1.0500,0.7311,0.3189,62.6300,49.2929,13.3371,CAR ,2,6,2.23,0.129
1766072816.3116374,1.3100,0.6037,0.7063,27.3500,28.6597,-1.3097,BALL,6,4,75.36,0.000
1766072816.3619993,1.1600,0.7236,0.4364,62.0000,44.8881,17.1119,CAR ,2,6,2.23,0.162
1766072816.362274,1.1300,0.5955,0.5345,26.2800,24.0395,2.2405,BALL,6,4,75.38,0.000
1766072816.4117014,1.4300,0.7158,0.7142,60.8700,42.0120,18.8580,CAR ,2,6,2.21,0.184
1766072816.462341,0.9000,0.5767,0.3233,24.6300,17.8801,6.7499,BALL,6,4,75.38,0.203
1766072816.4624681,1.6500,0.7075,0.9425,60.2700,39.1771,21.0929,CAR ,2,6,2.23,0.000
1766072816.5159454,0.7000,0.5667,0.1333,21.8500,17.5943,4.2557,BALL,6,4,75.39,0.207
1766072816.517248,2.8100,0.7000,2.1100,58.6200,39.0670,19.5530,CAR ,2,6,2.24,0.000
1766072816.5677052,0.6100,0.5600,0.0500,19.3500,17.7524,1.5976,BALL,6,4,75.38,0.152
1766072816.6688778,0.5800,0.5475,0.0325,18.5600,18.6461,-0.0861,BALL,6,4,75.39,0.158
1766072816.6689641,1.8800,0.6873,1.1927,28.0800,40.3447,-12.2647,CAR ,2,4,2.23,0.000
1766072816.7186844,0.5600,0.5423,0.0177,18.8100,19.3332,-0.5232,BALL,6,4,75.38,0.140
1766072816.718749,1.8900,0.6842,1.2058,28.2200,41.0615,-12.8415,CAR ,2,4,2.24,0.000
1766072816.7698147,0.5500,0.5374,0.0126,19.1900,19.9806,-0.7906,BALL,6,4,75.40,0.131
1766072816.7699044,2.0300,0.6813,1.3487,28.5300,41.7363,-13.2063,CAR ,2,4,2.24,0.000
1766072816.8189337,0.5500,0.5330,0.0170,19.8400,20.6757,-0.8357,BALL,6,4,75.41,0.121
1766072816.8190055,2.2300,0.6786,1.5514,28.8300,42.4567,-13.6267,CAR ,2,4,2.23,0.000
1766072816.8706765,0.5300,0.5285,0.0015,20.7200,21.1283,-0.4083,BALL,6,4,75.36,0.116
1766072816.8707824,2.6500,0.6759,1.9741,29.3100,42.9310,-13.6210,CAR ,2,4,2.21,0.000
1766072816.870848,5.0500,0.6759,4.3741,57.6300,42.9310,14.6990,CAR ,2,6,2.21,0.000
1766072816.924099,0.5300,0.5239,0.0061,21.2200,21.5916,-0.3716,BALL,6,4,75.36,0.109
1766072816.9242532,2.9900,0.6730,2.3170,29.6000,43.4336,-13.8336,CAR ,2,4,2.24,0.000
1766072816.9243534,3.9800,0.6730,3.3070,58.0300,43.4336,14.5964,CAR ,2,6,2.24,0.000
1766072816.973741,0.5300,0.5191,0.0109,21.7100,21.8923,-0.1823,BALL,6,4,75.40,0.120
1766072816.9738164,3.5300,0.6698,2.8602,58.1700,43.7872,14.3828,CAR ,2,6,2.22,0.000
1766072816.9738617,5.4200,0.6698,4.7502,30.5900,43.7872,-13.1972,CAR ,2,4,2.22,0.000
1766072817.025628,3.2600,0.6663,2.5937,58.3000,44.1158,14.1842,CAR ,2,6,2.23,0.122
1766072817.0756843,0.5300,0.5093,0.0207,21.8800,22.5550,-0.6750,BALL,6,4,75.35,0.112
1766072817.0757766,2.9200,0.6632,2.2568,58.5300,44.5451,13.9849,CAR ,2,6,2.24,0.000
1766072817.1264563,0.5300,0.5050,0.0250,22.0200,22.9831,-0.9631,BALL,6,4,75.40,0.099
1766072817.126536,2.6700,0.6603,2.0097,58.7400,45.0295,13.7105,CAR ,2,6,2.25,0.000
1766072817.1766212,0.5400,0.5016,0.0384,22.0500,23.2869,-1.2369,BALL,6,4,75.40,0.086
1766072817.176687,2.5600,0.6580,1.9020,58.8400,45.3576,13.4824,CAR ,2,6,2.24,0.000
1766072817.2266119,0.5500,0.4975,0.0525,22.2900,23.3917,-1.1017,BALL,6,4,75.36,0.099
1766072817.2289574,2.5100,0.6552,1.8548,58.8900,45.5050,13.3850,CAR ,2,6,2.23,0.000
1766072817.2779298,0.5500,0.4927,0.0573,22.3600,23.6965,-1.3365,BALL,6,4,75.36,0.113
1766072817.2780056,2.4400,0.6518,1.7882,58.9600,45.8738,13.0862,CAR ,2,6,2.22,0.000
1766072817.3289406,0.5500,0.4878,0.0622,22.3700,24.0098,-1.6398,BALL,6,4,75.37,0.107
1766072817.3290217,2.3700,0.6483,1.7217,59.0400,46.2657,12.7743,CAR ,2,6,2.23,0.000
1766072817.4282935,0.5500,0.4810,0.0690,22.4200,24.5975,-2.1775,BALL,6,4,75.38,0.075
1766072817.4283788,2.2100,0.6431,1.5669,59.2600,46.9681,12.2919,CAR ,2,6,2.22,0.000
1766072817.478852,0.5700,0.4778,0.0922,22.6400,24.7353,-2.0953,BALL,6,4,75.38,0.072
1766072817.4789736,2.1200,0.6408,1.4792,59.5000,47.1533,12.3467,CAR ,2,6,2.24,0.000
1766072817.529534,0.5800,0.4741,0.1059,22.8300,25.0080,-2.1780,BALL,6,4,75.40,0.083
1766072817.5296373,2.0800,0.6380,1.4420,59.5800,47.4896,12.0904,CAR ,2,6,2.23,0.000
1766072817.5805118,0.5800,0.4695,0.1105,22.8700,25.3980,-2.5280,BALL,6,4,75.38,0.094
1766072817.5806148,2.0500,0.6344,1.4156,59.5600,47.9735,11.5865,CAR ,2,6,2.24,0.000
1766072817.6306727,0.5800,0.4654,0.1146,22.8800,25.5691,-2.6891,BALL,6,4,75.37,0.086
1766072817.6307452,1.9000,0.6311,1.2689,59.8200,48.2383,11.5817,CAR ,2,6,2.23,0.000
1766072817.6803496,1.8200,0.6281,1.1919,59.9800,48.3514,11.6286,CAR ,2,6,2.23,0.077
1766072817.7322178,0.5900,0.4585,0.1315,23.0700,25.8084,-2.7384,BALL,6,4,75.39,0.063
1766072817.7324483,1.7300,0.6255,1.1045,60.1900,48.6432,11.5468,CAR ,2,6,2.22,0.000
1766072817.7815526,0.5900,0.4556,0.1344,23.0600,26.1225,-3.0625,BALL,6,4,75.41,0.063
1766072817.7816253,1.6700,0.6231,1.0469,60.3000,49.0341,11.2659,CAR ,2,6,2.23,0.000
1766072817.8326788,0.5900,0.4523,0.1377,23.0900,26.3156,-3.2256,BALL,6,4,75.39,0.067
1766072817.8327467,1.6400,0.6205,1.0195,60.3400,49.3050,11.0350,CAR ,2,6,2.23,0.000
1766072817.8829877,0.6000,0.4493,0.1507,23.1600,26.5067,-3.3467,BALL,6,4,75.38,0.061
1766072817.8830523,1.5800,0.6181,0.9619,60.5500,49.5666,10.9834,CAR ,2,6,2.23,0.000
1766072817.9347622,0.6000,0.4454,0.1546,23.1900,26.4978,-3.3078,BALL,6,4,75.38,0.082
1766072817.9348397,1.5200,0.6150,0.9050,60.7600,49.6447,11.1153,CAR ,2,6,2.24,0.000
1766072817.9847655,0.6000,0.4420,0.1580,23.2200,26.3339,-3.1139,BALL,6,4,75.36,0.069
1766072818.03437,0.6000,0.4397,0.1603,23.1900,26.4395,-3.2495,BALL,6,4,75.40,0.048
1766072818.034527,1.4800,0.6102,0.8698,60.7800,49.7443,11.0357,CAR ,2,6,2.24,0.000
1766072818.084314,0.6000,0.4371,0.1629,23.0600,26.5597,-3.4997,BALL,6,4,75.39,0.053
1766072818.0856123,1.4800,0.6078,0.8722,60.7200,49.9939,10.7261,CAR ,2,6,2.23,0.267
1766072818.1353273,0.6000,0.4338,0.1662,23.1100,26.6171,-3.5071,BALL,6,4,75.37,0.059
1766072818.135412,1.4600,0.6053,0.8547,60.8500,50.0831,10.7669,CAR ,2,6,2.25,0.000
1766072818.1858625,1.4400,0.6033,0.8367,60.9700,50.3564,10.6136,CAR ,2,6,2.23,0.051
1766072818.2356062,0.6000,0.4280,0.1720,23.1700,26.8367,-3.6667,BALL,6,4,75.38,0.071
1766072818.2356787,1.4400,0.6008,0.8392,60.9600,50.4357,10.5243,CAR ,2,6,2.22,0.000
1766072818.2865386,1.4100,0.5986,0.8114,61.0400,50.7059,10.3341,CAR ,2,6,2.23,0.059
1766072818.3373158,0.6000,0.4225,0.1775,23.1400,27.1570,-4.0170,BALL,6,4,75.38,0.058
1766072818.3373775,1.4000,0.5966,0.8034,61.0900,50.8624,10.2276,CAR ,2,6,2.22,0.000
1766072818.3872476,0.6000,0.4202,0.1798,23.1100,27.2290,-4.1190,BALL,6,4,75.42,0.056
1766072818.38734,1.3600,0.5950,0.7650,61.2500,50.9638,10.2862,CAR ,2,6,2.24,0.000
1766072818.4370844,0.6000,0.4174,0.1826,23.2000,27.3752,-4.1752,BALL,6,4,75.36,0.059
1766072818.437185,1.3300,0.5930,0.7370,61.3300,51.1526,10.1774,CAR ,2,6,2.22,0.000
1766072818.4875069,0.6000,0.4145,0.1855,23.1700,27.4752,-4.3052,BALL,6,4,75.37,0.062
1766072818.5377297,0.6000,0.4117,0.1883,23.1600,27.5251,-4.3651,BALL,6,4,75.40,0.060
1766072818.537843,1.3200,0.5885,0.7315,61.3600,51.4329,9.9271,CAR ,2,6,2.23,0.000
1766072818.5883632,0.6000,0.4089,0.1911,23.2000,27.6423,-4.4423,BALL,6,4,75.39,0.055
1766072818.5884311,1.2900,0.5861,0.7039,61.4900,51.6443,9.8457,CAR ,2,6,2.21,0.000
1766072818.63813,0.6000,0.4064,0.1936,23.2100,27.6619,-4.4519,BALL,6,4,75.39,0.051
1766072818.638196,1.2700,0.5838,0.6862,61.5800,51.7654,9.8146,CAR ,2,6,2.23,0.000
1766072818.6882472,1.2700,0.5820,0.6880,61.5800,51.9254,9.6546,CAR ,2,6,2.23,0.042
1766072818.7383127,0.6000,0.4023,0.1977,23.2100,27.7064,-4.4964,BALL,6,4,75.38,0.042
1766072818.7383733,1.2400,0.5803,0.6597,61.6500,51.9356,9.7144,CAR ,2,6,2.21,0.000
1766072818.789773,1.2000,0.5786,0.6214,61.8300,52.0153,9.8147,CAR ,2,6,2.24,0.043
1766072818.8406124,0.6000,0.3978,0.2022,23.1400,27.9125,-4.7725,BALL,6,4,75.39,0.047
1766072818.840826,1.1900,0.5766,0.6134,61.8600,52.2975,9.5625,CAR ,2,6,2.24,0.000
1766072818.88992,0.6000,0.3953,0.2047,23.1200,28.1000,-4.9800,BALL,6,4,75.39,0.050
1766072818.8899918,1.1900,0.5747,0.6153,61.8700,52.5162,9.3538,CAR ,2,6,2.22,0.000
1766072818.940358,0.6000,0.3924,0.2076,23.1100,28.2323,-5.1223,BALL,6,4,75.38,0.061
1766072818.9405584,1.1700,0.5725,0.5975,61.9500,52.7169,9.2331,CAR ,2,6,2.24,0.000
1766072818.9918487,0.6000,0.3897,0.2103,23.1100,28.4052,-5.2952,BALL,6,4,75.40,0.055
1766072819.0434055,0.6000,0.3877,0.2123,23.1300,28.7162,-5.5862,BALL,6,4,75.39,0.040
1766072819.0434682,1.1300,0.5688,0.5612,62.2000,53.3192,8.8808,CAR ,2,6,2.23,0.000
1766072819.0950441,0.6000,0.3864,0.2136,23.2200,28.7204,-5.5004,BALL,6,4,75.40,0.029
1766072819.1451728,1.1100,0.5662,0.5438,62.3700,53.5546,8.8154,CAR ,2,6,2.22,0.041
1766072819.1952295,0.6000,0.3826,0.2174,23.2200,28.9153,-5.6953,BALL,6,4,75.33,0.037
1766072819.1953428,1.1000,0.5649,0.5351,62.4100,53.6357,8.7743,CAR ,2,6,2.22,0.000
1766072819.2466998,0.6000,0.3805,0.2195,23.2200,28.9566,-5.7366,BALL,6,4,75.39,0.041
1766072819.2467804,1.0900,0.5631,0.5269,62.4100,53.7479,8.6621,CAR ,2,6,2.22,0.000
1766072819.297359,0.6000,0.3786,0.2214,23.2300,29.0391,-5.8091,BALL,6,4,75.41,0.039
1766072819.2974238,1.0700,0.5615,0.5085,62.5000,53.9020,8.5980,CAR ,2,6,2.22,0.000
1766072819.3463776,0.6000,0.3766,0.2234,23.2400,28.9941,-5.7541,BALL,6,4,75.37,0.041
1766072819.3464453,1.0700,0.5598,0.5102,62.5100,53.9256,8.5844,CAR ,2,6,2.23,0.000
1766072819.3965604,0.6000,0.3749,0.2251,23.2200,28.5630,-5.3430,BALL,6,4,75.38,0.035
1766072819.3966281,1.0500,0.5582,0.4918,62.6200,53.5772,9.0428,CAR ,2,6,2.23,0.000
1766072819.4481199,0.6000,0.3734,0.2266,23.1600,28.4900,-5.3300,BALL,6,4,75.40,0.029
1766072819.448241,1.0500,0.5568,0.4932,62.6500,53.5659,9.0841,CAR ,2,6,2.23,0.000
1766072819.4974113,0.5900,0.3716,0.2184,22.9700,28.3786,-5.4086,BALL,6,4,75.38,0.036
1766072819.4998412,1.0700,0.5552,0.5148,62.5300,53.5304,8.9996,CAR ,2,6,2.23,0.000
1766072819.548196,1.0700,0.5538,0.5162,62.5100,53.7434,8.7666,CAR ,2,6,2.23,0.033
1766072819.60061,0.5800,0.3687,0.2113,22.8200,28.5569,-5.7369,BALL,6,4,75.37,0.026
1766072819.600787,1.0600,0.5524,0.5076,62.5500,53.8658,8.6842,CAR ,2,6,2.23,0.000
1766072819.6516297,0.5800,0.3671,0.2129,22.7400,28.6879,-5.9479,BALL,6,4,75.35,0.029
1766072819.6516953,1.0400,0.5511,0.4889,62.7000,54.0401,8.6599,CAR ,2,6,2.23,0.000
1766072819.7008858,0.5800,0.3650,0.2150,22.8000,28.7376,-5.9376,BALL,6,4,75.40,0.045
1766072819.7009509,1.0200,0.5494,0.4706,62.9200,54.1563,8.7637,CAR ,2,6,2.23,0.000
1766072819.7546222,0.5800,0.3631,0.2169,22.8000,28.7735,-5.9735,BALL,6,4,75.37,0.036
1766072819.7570202,0.9900,0.5478,0.4422,63.0200,54.2358,8.7842,CAR ,2,6,2.23,0.062
1766072819.8044634,0.5800,0.3610,0.2190,22.8000,28.9129,-6.1129,BALL,6,4,75.39,0.044
1766072819.804551,0.9800,0.5464,0.4336,63.1400,54.4344,8.7056,CAR ,2,6,2.24,0.000
1766072819.855707,0.5800,0.3589,0.2211,22.7800,28.9226,-6.1426,BALL,6,4,75.40,0.042
1766072819.9063275,0.5800,0.3566,0.2234,22.8000,28.9770,-6.1770,BALL,6,4,75.37,0.047
1766072819.9065144,0.9700,0.5430,0.4270,63.2000,54.6148,8.5852,CAR ,2,6,2.22,0.000
1766072820.0063086,0.5800,0.3529,0.2271,22.7700,29.4080,-6.6380,BALL,6,4,75.35,0.038
1766072820.0064301,0.9700,0.5400,0.4300,63.2100,55.1597,8.0503,CAR ,2,6,2.22,0.000
1766072820.056392,0.9600,0.5388,0.4212,63.3000,55.1780,8.1220,CAR ,2,6,2.21,0.029
1766072820.1054573,0.5800,0.3501,0.2299,22.7900,29.4903,-6.7003,BALL,6,4,75.43,0.029
1766072820.1055317,0.9500,0.5375,0.4125,63.3400,55.3573,7.9827,CAR ,2,6,2.23,0.000
1766072820.1556065,0.5800,0.3488,0.2312,22.8500,29.3832,-6.5332,BALL,6,4,75.38,0.025
1766072820.1556969,0.9400,0.5365,0.4035,63.4200,55.2954,8.1246,CAR ,2,6,2.23,0.000
1766072820.2063246,0.5800,0.3475,0.2325,22.8500,29.3471,-6.4971,BALL,6,4,75.38,0.027
1766072820.2063978,0.9300,0.5353,0.3947,63.5100,55.3143,8.1957,CAR ,2,6,2.22,0.000
1766072820.2568905,0.5800,0.3463,0.2337,22.8200,29.3657,-6.5457,BALL,6,4,75.39,0.025
1766072820.2609951,0.9400,0.5343,0.4057,63.5300,55.3720,8.1580,CAR ,2,6,2.24,0.033
1766072820.3078575,0.9300,0.5334,0.3966,63.5000,55.3464,8.1536,CAR ,2,6,2.23,0.022
1766072820.357922,0.5800,0.3442,0.2358,22.7400,29.3801,-6.6401,BALL,6,4,75.40,0.019
1766072820.3580952,0.9300,0.5326,0.3974,63.5400,55.4651,8.0749,CAR ,2,6,2.22,0.000
1766072820.4072447,0.5800,0.3430,0.2370,22.6900,29.5146,-6.8246,BALL,6,4,75.40,0.024
1766072820.4073203,0.9200,0.5316,0.3884,63.6100,55.6494,7.9606,CAR ,2,6,2.24,0.000
1766072820.4573972,0.5800,0.3417,0.2383,22.7300,29.5897,-6.8597,BALL,6,4,75.37,0.025
1766072820.4574606,0.9100,0.5304,0.3796,63.6800,55.7854,7.8946,CAR ,2,6,2.23,0.000
1766072820.508343,0.5800,0.3405,0.2395,22.7700,29.7019,-6.9319,BALL,6,4,75.40,0.025
1766072820.5084069,0.9100,0.5294,0.3806,63.7300,55.9516,7.7784,CAR ,2,6,2.23,0.000
1766072820.5581276,0.5800,0.3391,0.2409,22.7800,29.6785,-6.8985,BALL,6,4,75.40,0.029
1766072820.5593393,0.9100,0.5283,0.3817,63.8000,55.9662,7.8338,CAR ,2,6,2.22,0.000
1766072820.6081104,0.5800,0.3377,0.2423,22.7800,29.7418,-6.9618,BALL,6,4,75.40,0.029
1766072820.6581044,0.9100,0.5260,0.3840,63.8000,56.2185,7.5815,CAR ,2,6,2.23,0.028
1766072820.70887,0.5800,0.3351,0.2449,22.7200,29.9698,-7.2498,BALL,6,4,75.40,0.023
1766072820.7089386,0.9100,0.5249,0.3851,63.7700,56.4270,7.3430,CAR ,2,6,2.24,0.000
1766072820.759235,0.5800,0.3339,0.2461,22.7100,30.0244,-7.3144,BALL,6,4,75.38,0.023
1766072820.7593231,0.9100,0.5238,0.3862,63.8500,56.5381,7.3119,CAR ,2,6,2.22,0.000
1766072820.809729,0.5800,0.3327,0.2473,22.7400,29.8830,-7.1430,BALL,6,4,75.39,0.024
1766072820.8098338,0.9000,0.5227,0.3773,63.9500,56.4567,7.4933,CAR ,2,6,2.22,0.000
1766072820.8610299,0.5800,0.3314,0.2486,22.7900,29.9220,-7.1320,BALL,6,4,75.39,0.026
1766072820.8610978,0.8900,0.5214,0.3686,64.0700,56.5849,7.4851,CAR ,2,6,2.22,0.000
1766072820.9117181,0.5800,0.3304,0.2496,22.7200,29.8312,-7.1112,BALL,6,4,75.39,0.020
1766072820.9622986,0.5700,0.3293,0.2407,22.7100,29.7422,-7.0322,BALL,6,4,75.37,0.021
1766072820.9623604,0.8800,0.5196,0.3604,64.1100,56.4957,7.6143,CAR ,2,6,2.23,0.000
1766072821.012445,0.5700,0.3283,0.2417,22.6400,29.6647,-7.0247,BALL,6,4,75.40,0.021
1766072821.0125263,0.8700,0.5186,0.3514,64.1700,56.4796,7.6904,CAR ,2,6,2.24,0.000
1766072821.06147,0.8700,0.5175,0.3525,64.1200,56.3482,7.7718,CAR ,2,6,2.23,0.027
1766072821.111849,0.5700,0.3255,0.2445,22.5100,29.2419,-6.7319,BALL,6,4,75.40,0.029
1766072821.1655812,0.5600,0.3240,0.2360,22.4600,28.8502,-6.3902,BALL,6,4,75.40,0.028
1766072821.1658142,0.8700,0.5146,0.3554,64.1300,55.8375,8.2925,CAR ,2,6,2.24,0.000
1766072821.2155302,0.5600,0.3223,0.2377,22.3100,28.7180,-6.4080,BALL,6,4,75.37,0.032
1766072821.215591,0.8700,0.5131,0.3569,64.1000,55.8664,8.2336,CAR ,2,6,2.24,0.000
1766072821.266463,0.5500,0.3206,0.2294,22.1800,28.7473,-6.5673,BALL,6,4,75.39,0.033
1766072821.266531,0.8800,0.5116,0.3684,64.0800,55.9739,8.1061,CAR ,2,6,2.22,0.000
1766072821.315996,0.5500,0.3190,0.2310,22.1200,28.9908,-6.8708,BALL,6,4,75.40,0.033
1766072821.3161035,0.8800,0.5104,0.3696,64.0600,56.2770,7.7830,CAR ,2,6,2.23,0.000
1766072821.36599,0.8800,0.5091,0.3709,64.1400,56.6746,7.4654,CAR ,2,6,2.22,0.031
1766072821.4167197,0.5400,0.3158,0.2242,22.1100,29.5577,-7.4477,BALL,6,4,75.39,0.034
1766072821.4167867,0.8600,0.5076,0.3524,64.3900,56.9952,7.3948,CAR ,2,6,2.23,0.000
1766072821.4680839,0.8400,0.5059,0.3341,64.5300,57.1905,7.3395,CAR ,2,6,2.23,0.035
1766072821.5198185,0.5500,0.3124,0.2376,22.3300,29.6704,-7.3404,BALL,6,4,75.37,0.031
1766072821.519926,0.8200,0.5045,0.3155,64.7700,57.2961,7.4739,CAR ,2,6,2.25,0.000
1766072821.5702498,0.5500,0.3107,0.2393,22.4200,29.5683,-7.1483,BALL,6,4,75.39,0.034
1766072821.57045,0.8000,0.5030,0.2970,64.8300,57.2608,7.5692,CAR ,2,6,2.24,0.000
1766072821.620464,0.5500,0.3091,0.2409,22.3800,29.5353,-7.1553,BALL,6,4,75.38,0.032
1766072821.6706238,0.5500,0.3073,0.2427,22.3100,29.6522,-7.3422,BALL,6,4,75.37,0.034
1766072821.6707108,0.8000,0.5005,0.2995,64.8000,57.4667,7.3333,CAR ,2,6,2.23,0.000
1766072821.720629,0.5500,0.3057,0.2443,22.2400,29.6498,-7.4098,BALL,6,4,75.40,0.035
1766072821.7206912,0.8000,0.4991,0.3009,64.7900,57.5400,7.2500,CAR ,2,6,2.24,0.000
1766072821.771527,0.5500,0.3038,0.2462,22.2200,29.5964,-7.3764,BALL,6,4,75.40,0.037
1766072821.7716806,0.7900,0.4977,0.2923,64.9000,57.5437,7.3563,CAR ,2,6,2.23,0.000
1766072821.8207526,0.5400,0.3018,0.2382,22.1900,29.6029,-7.4129,BALL,6,4,75.38,0.041
1766072821.8208175,0.7800,0.4961,0.2839,64.9700,57.6279,7.3421,CAR ,2,6,2.22,0.000
1766072821.8711617,0.5400,0.3000,0.2400,22.1700,29.8507,-7.6807,BALL,6,4,75.38,0.038
1766072821.8712661,0.7900,0.4946,0.2954,64.9600,57.9469,7.0131,CAR ,2,6,2.23,0.000
1766072821.9216473,0.5400,0.2986,0.2414,22.1100,29.9514,-7.8414,BALL,6,4,75.36,0.027
1766072821.923946,0.7800,0.4933,0.2867,65.0500,58.1263,6.9237,CAR ,2,6,2.24,0.000
1766072821.9714904,0.5400,0.2973,0.2427,22.0700,30.0662,-7.9962,BALL,6,4,75.39,0.027
1766072821.9715803,0.7700,0.4922,0.2778,65.1700,58.3305,6.8395,CAR ,2,6,2.23,0.000
1766072822.0224109,0.5400,0.2962,0.2438,22.1300,30.0670,-7.9370,BALL,6,4,75.41,0.023
1766072822.0224829,0.7600,0.4911,0.2689,65.2700,58.3947,6.8753,CAR ,2,6,2.23,0.000
1766072822.072827,0.5400,0.2953,0.2447,22.1900,29.9983,-7.8083,BALL,6,4,75.37,0.017
1766072822.0729113,0.7600,0.4903,0.2697,65.3600,58.3752,6.9848,CAR ,2,6,2.23,0.000
1766072822.123193,0.7500,0.4895,0.2605,65.3400,58.4196,6.9204,CAR ,2,6,2.22,0.021
1766072822.1733747,0.5400,0.2932,0.2468,22.1600,29.8572,-7.6972,BALL,6,4,75.40,0.022
1766072822.1734612,0.7500,0.4885,0.2615,65.3500,58.3481,7.0019,CAR ,2,6,2.23,0.000
1766072822.222751,0.5400,0.2922,0.2478,22.0700,29.7767,-7.7067,BALL,6,4,75.39,0.020
1766072822.2729611,0.5300,0.2912,0.2388,21.9800,29.8087,-7.8287,BALL,6,4,75.37,0.020
1766072822.2730742,0.7500,0.4867,0.2633,65.4000,58.4305,6.9695,CAR ,2,6,2.23,0.000
1766072822.322797,0.5300,0.2899,0.2401,21.8800,29.8574,-7.9774,BALL,6,4,75.40,0.027
1766072822.3229046,0.7500,0.4855,0.2645,65.4200,58.5609,6.8591,CAR ,2,6,2.23,0.000
1766072822.3729968,0.5300,0.2882,0.2418,21.8200,29.9345,-8.1145,BALL,6,4,75.37,0.033
1766072822.373069,0.7400,0.4841,0.2559,65.4400,58.7146,6.7254,CAR ,2,6,2.24,0.000
1766072822.4263103,0.5200,0.2862,0.2338,21.7800,29.8524,-8.0724,BALL,6,4,75.39,0.038
1766072822.4264123,0.7400,0.4825,0.2575,65.4900,58.7137,6.7763,CAR ,2,6,2.23,0.000
1766072822.4780219,0.5200,0.2841,0.2359,21.7300,29.9213,-8.1913,BALL,6,4,75.41,0.041
1766072822.5277548,0.5200,0.2823,0.2377,21.6900,30.0347,-8.3447,BALL,6,4,75.38,0.036
1766072822.5278165,0.7400,0.4794,0.2606,65.5000,59.0629,6.4371,CAR ,2,6,2.24,0.000
1766072822.5787365,0.5200,0.2816,0.2384,21.6300,30.1785,-8.5485,BALL,6,4,75.38,0.015
1766072822.57882,0.7400,0.4788,0.2612,65.4900,59.2502,6.2398,CAR ,2,6,2.23,0.000
1766072822.6294506,0.5200,0.2816,0.2384,21.6600,30.1690,-8.5090,BALL,6,4,75.38,0.002
1766072822.6295497,0.7300,0.4787,0.2513,65.6500,59.2414,6.4086,CAR ,2,6,2.23,0.000
1766072822.6784396,0.7200,0.4788,0.2412,65.7700,59.2800,6.4900,CAR ,2,6,2.25,0.002
1766072822.7293832,0.5200,0.2816,0.2384,21.6600,30.1901,-8.5301,BALL,6,4,75.39,0.001
1766072822.729532,0.7100,0.4788,0.2312,65.9900,59.2625,6.7275,CAR ,2,6,2.23,0.000
1766072822.7802854,0.5200,0.2816,0.2384,21.6600,30.1865,-8.5265,BALL,6,4,75.41,0.001
1766072822.780367,0.7100,0.4788,0.2312,66.0100,59.2683,6.7417,CAR ,2,6,2.23,0.000
1766072822.8316674,0.5200,0.2816,0.2384,21.6500,30.1876,-8.5376,BALL,6,4,75.41,0.001
1766072822.8318963,0.7000,0.4788,0.2212,66.0400,59.2592,6.7808,CAR ,2,6,2.23,0.000
1766072822.8811102,0.5200,0.2816,0.2384,21.6600,30.2018,-8.5418,BALL,6,4,75.39,0.000
1766072822.9325862,0.5200,0.2816,0.2384,21.6500,30.1912,-8.5412,BALL,6,4,75.39,0.000
1766072822.9326751,0.7100,0.4788,0.2312,66.0300,59.2622,6.7678,CAR ,2,6,2.23,0.000
1766072822.9827337,0.5200,0.2816,0.2384,21.6600,30.1891,-8.5291,BALL,6,4,75.38,0.001
1766072823.0327241,0.5200,0.2816,0.2384,21.6600,30.1931,-8.5331,BALL,6,4,75.34,0.001
1766072823.0328372,0.7100,0.4788,0.2312,65.9400,59.2631,6.6769,CAR ,2,6,2.23,0.000
1766072823.0836377,0.5200,0.2816,0.2384,21.6600,30.1768,-8.5168,BALL,6,4,75.40,0.000
1766072823.0837052,0.7100,0.4788,0.2312,66.0000,59.2565,6.7435,CAR ,2,6,2.23,0.000
1766072823.1336126,0.5200,0.2816,0.2384,21.6600,30.1890,-8.5290,BALL,6,4,75.41,0.000
1766072823.1348383,0.7100,0.4788,0.2312,66.0300,59.2603,6.7697,CAR ,2,6,2.24,0.000
1766072823.1837318,0.7100,0.4787,0.2313,66.0000,59.2801,6.7199,CAR ,2,6,2.22,0.001
1766072823.23435,0.5200,0.2816,0.2384,21.6600,30.1800,-8.5200,BALL,6,4,75.40,0.001
1766072823.2355928,0.7100,0.4787,0.2313,65.9900,59.2582,6.7318,CAR ,2,6,2.23,0.000
1766072823.2840424,0.5200,0.2816,0.2384,21.6600,30.1982,-8.5382,BALL,6,4,75.37,0.001
1766072823.2841089,0.7100,0.4787,0.2313,65.9500,59.2701,6.6799,CAR ,2,6,2.24,0.000
1766072823.335377,0.5200,0.2816,0.2384,21.6700,30.1833,-8.5133,BALL,6,4,75.39,0.001
1766072823.3355494,0.7100,0.4788,0.2312,66.0000,59.2549,6.7451,CAR ,2,6,2.23,0.000
1766072823.3853767,0.5200,0.2816,0.2384,21.6600,30.1829,-8.5229,BALL,6,4,75.40,0.000
1766072823.3854544,0.7100,0.4787,0.2313,66.0300,59.2562,6.7738,CAR ,2,6,2.24,0.000
1766072823.4358687,0.5200,0.2816,0.2384,21.6600,30.1815,-8.5215,BALL,6,4,75.40,0.001
1766072823.4359705,0.7100,0.4788,0.2312,66.0200,59.2630,6.7570,CAR ,2,6,2.22,0.000
1766072823.4850025,0.5200,0.2816,0.2384,21.6600,30.1770,-8.5170,BALL,6,4,75.39,0.000
1766072823.4850903,0.7100,0.4788,0.2312,66.0100,59.2606,6.7494,CAR ,2,6,2.23,0.000
1766072823.5375113,0.5200,0.2816,0.2384,21.6700,30.1831,-8.5131,BALL,6,4,75.38,0.000
1766072823.537577,0.7100,0.4787,0.2313,66.0300,59.2549,6.7751,CAR ,2,6,2.23,0.000
1766072823.586815,0.7100,0.4788,0.2312,66.0200,59.2410,6.7790,CAR ,2,6,2.22,0.000
1766072823.6374154,0.5200,0.2816,0.2384,21.6700,30.1928,-8.5228,BALL,6,4,75.37,0.000
1766072823.6374874,0.7100,0.4788,0.2312,66.0100,59.2636,6.7464,CAR ,2,6,2.23,0.000
1766072823.6877863,0.5200,0.2816,0.2384,21.6600,30.1841,-8.5241,BALL,6,4,75.37,0.001
1766072823.6878436,0.7100,0.4788,0.2312,66.0400,59.2641,6.7759,CAR ,2,6,2.22,0.000
1766072823.737919,0.5200,0.2816,0.2384,21.6700,30.2319,-8.5619,BALL,6,4,75.42,0.002
1766072823.7379827,0.7100,0.4788,0.2312,66.0200,59.3072,6.7128,CAR ,2,6,2.23,0.000
1766072823.789,0.5200,0.2816,0.2384,21.6700,30.1856,-8.5156,BALL,6,4,75.37,0.001
1766072823.8380053,0.5200,0.2816,0.2384,21.6800,30.2079,-8.5279,BALL,6,4,75.38,0.001
1766072823.8392987,0.7100,0.4788,0.2312,66.0200,59.2950,6.7250,CAR ,2,6,2.22,0.033
1766072823.8887107,0.5200,0.2816,0.2384,21.6700,30.1715,-8.5015,BALL,6,4,75.37,0.001
1766072823.8887682,0.7100,0.4787,0.2313,66.0000,59.2474,6.7526,CAR ,2,6,2.23,0.000
1766072823.9392798,0.5200,0.2816,0.2384,21.6800,30.2079,-8.5279,BALL,6,4,75.39,0.001
1766072823.9393492,0.7100,0.4787,0.2313,66.0000,59.2801,6.7199,CAR ,2,6,2.22,0.000
1766072823.9890459,0.5200,0.2816,0.2384,21.6700,30.2005,-8.5305,BALL,6,4,75.38,0.000
1766072823.9891102,0.7100,0.4788,0.2312,66.0100,59.2765,6.7335,CAR ,2,6,2.23,0.000
1766072824.0392475,0.5200,0.2816,0.2384,21.6700,30.1748,-8.5048,BALL,6,4,75.41,0.001
1766072824.039464,0.7100,0.4788,0.2312,65.9900,59.2507,6.7393,CAR ,2,6,2.24,0.000
1766072824.0888112,0.5200,0.2816,0.2384,21.6700,30.1834,-8.5134,BALL,6,4,75.37,0.001
1766072824.0889053,0.7100,0.4787,0.2313,66.0100,59.2600,6.7500,CAR ,2,6,2.24,0.000
1766072824.1389205,0.5200,0.2816,0.2384,21.6700,30.2033,-8.5333,BALL,6,4,75.42,0.000
1766072824.1390476,0.7100,0.4787,0.2313,66.0000,59.2782,6.7218,CAR ,2,6,2.23,0.000
1766072824.1895816,0.5200,0.2816,0.2384,21.6800,30.1879,-8.5079,BALL,6,4,75.39,0.001
1766072824.1896603,0.7100,0.4787,0.2313,65.9500,59.2638,6.6862,CAR ,2,6,2.23,0.000
1766072824.2405596,0.5200,0.2816,0.2384,21.6700,30.1680,-8.4980,BALL,6,4,75.38,0.001
1766072824.2406528,0.7100,0.4787,0.2313,65.9900,59.2439,6.7461,CAR ,2,6,2.23,0.000
1766072824.290168,0.5200,0.2816,0.2384,21.6800,30.1688,-8.4888,BALL,6,4,75.38,0.000
1766072824.2902665,0.7100,0.4787,0.2313,66.0200,59.2505,6.7695,CAR ,2,6,2.23,0.000
1766072824.341775,0.5200,0.2816,0.2384,21.6700,30.1651,-8.4951,BALL,6,4,75.39,0.002
1766072824.34185,0.7100,0.4787,0.2313,66.0100,59.2582,6.7518,CAR ,2,6,2.23,0.000
1766072824.3930678,0.5200,0.2815,0.2385,21.6600,30.1574,-8.4974,BALL,6,4,75.37,0.002
1766072824.3931353,0.7100,0.4786,0.2314,66.0200,59.2583,6.7617,CAR ,2,6,2.23,0.000
1766072824.4437551,0.5200,0.2814,0.2386,21.6600,30.1447,-8.4847,BALL,6,4,75.39,0.002
1766072824.443963,0.7100,0.4785,0.2315,66.0100,59.2618,6.7482,CAR ,2,6,2.23,0.000
1766072824.4941566,0.5200,0.2814,0.2386,21.6500,30.1522,-8.5022,BALL,6,4,75.40,0.001
1766072824.4942427,0.7100,0.4784,0.2316,66.0100,59.2659,6.7441,CAR ,2,6,2.23,0.000
1766072824.544255,0.5200,0.2814,0.2386,21.6500,30.1627,-8.5127,BALL,6,4,75.39,0.000
1766072824.544368,0.7100,0.4784,0.2316,66.0100,59.2793,6.7307,CAR ,2,6,2.24,0.000
1766072824.5948496,0.5200,0.2814,0.2386,21.6600,30.1718,-8.5118,BALL,6,4,75.37,0.000
1766072824.5952017,0.7100,0.4784,0.2316,66.0000,59.2905,6.7095,CAR ,2,6,2.23,0.000
1766072824.6443903,0.5200,0.2814,0.2386,21.6700,30.1602,-8.4902,BALL,6,4,75.40,0.001
1766072824.64446,0.7100,0.4784,0.2316,66.0100,59.2793,6.7307,CAR ,2,6,2.22,0.000
1766072824.694872,0.5200,0.2814,0.2386,21.6700,30.1718,-8.5018,BALL,6,4,75.38,0.001
1766072824.6949751,0.7100,0.4784,0.2316,66.0400,59.2867,6.7533,CAR ,2,6,2.23,0.000
1766072824.7458634,0.5200,0.2814,0.2386,21.6600,30.1602,-8.5002,BALL,6,4,75.37,0.001
1766072824.745937,0.7100,0.4784,0.2316,66.0100,59.2741,6.7359,CAR ,2,6,2.22,0.000
1766072824.7957463,0.5200,0.2814,0.2386,21.6600,30.1645,-8.5045,BALL,6,4,75.38,0.000
1766072824.795826,0.7100,0.4784,0.2316,66.0300,59.2798,6.7502,CAR ,2,6,2.23,0.000
1766072824.845192,0.5200,0.2814,0.2386,21.6600,30.1538,-8.4938,BALL,6,4,75.36,0.000
1766072824.8512597,0.7000,0.4784,0.2216,66.0500,59.2785,6.7715,CAR ,2,6,2.23,0.001
1766072824.8963845,0.7100,0.4784,0.2316,65.9900,59.2803,6.7097,CAR ,2,6,2.23,0.000
1766072824.9470246,0.5200,0.2814,0.2386,21.6600,30.1467,-8.4867,BALL,6,4,75.39,0.000
1766072824.947103,0.7100,0.4784,0.2316,65.9800,59.2628,6.7172,CAR ,2,6,2.22,0.000
1766072824.9968116,0.5200,0.2814,0.2386,21.6600,30.1713,-8.5113,BALL,6,4,75.38,0.001
1766072824.9969072,0.7100,0.4784,0.2316,65.9900,59.2881,6.7019,CAR ,2,6,2.23,0.000
1766072825.0471635,0.5200,0.2814,0.2386,21.6500,30.1651,-8.5151,BALL,6,4,75.43,0.000
1766072825.047275,0.7100,0.4784,0.2316,66.0200,59.2908,6.7292,CAR ,2,6,2.22,0.000
1766072825.0961037,0.5200,0.2814,0.2386,21.6500,30.1460,-8.4960,BALL,6,4,75.40,0.000
1766072825.0961878,0.7000,0.4784,0.2216,66.0400,59.2679,6.7721,CAR ,2,6,2.23,0.000
1766072825.1472075,0.5200,0.2814,0.2386,21.6600,30.1680,-8.5080,BALL,6,4,75.38,0.001
1766072825.147289,0.7000,0.4784,0.2216,66.0700,59.2894,6.7806,CAR ,2,6,2.24,0.000
1766072825.1979384,0.5200,0.2814,0.2386,21.6600,30.1310,-8.4710,BALL,6,4,75.36,0.001
1766072825.198207,0.7000,0.4784,0.2216,66.0200,59.2513,6.7687,CAR ,2,6,2.24,0.000
1766072825.24741,0.5200,0.2814,0.2386,21.6700,30.1574,-8.4874,BALL,6,4,75.37,0.000
1766072825.2474766,0.7000,0.4784,0.2216,66.0100,59.2759,6.7341,CAR ,2,6,2.24,0.000
1766072825.297999,0.5200,0.2814,0.2386,21.6600,30.1550,-8.4950,BALL,6,4,75.38,0.001
1766072825.2981834,0.7000,0.4784,0.2216,66.0400,59.2769,6.7631,CAR ,2,6,2.23,0.000
1766072825.3489273,0.5200,0.2814,0.2386,21.6500,30.1595,-8.5095,BALL,6,4,75.38,0.000
1766072825.3490608,0.7000,0.4784,0.2216,66.0600,59.2778,6.7822,CAR ,2,6,2.21,0.000
1766072825.398256,0.7100,0.4784,0.2316,66.0100,59.2562,6.7538,CAR ,2,6,2.25,0.001
1766072825.449449,0.5200,0.2814,0.2386,21.6700,30.1562,-8.4862,BALL,6,4,75.36,0.000
1766072825.4495454,0.7000,0.4784,0.2216,66.0500,59.2763,6.7737,CAR ,2,6,2.22,0.000
1766072825.4996438,0.5200,0.2813,0.2387,21.6600,30.1337,-8.4737,BALL,6,4,75.39,0.000
1766072825.4998255,0.7100,0.4784,0.2316,65.9800,59.2744,6.7056,CAR ,2,6,2.23,0.000
1766072825.5506299,0.5200,0.2814,0.2386,21.6600,30.1593,-8.4993,BALL,6,4,75.38,0.000
1766072825.5507314,0.7100,0.4784,0.2316,65.9600,59.2825,6.6775,CAR ,2,6,2.23,0.000
1766072825.600498,0.5200,0.2814,0.2386,21.6500,30.1507,-8.5007,BALL,6,4,75.37,0.000
1766072825.6005955,0.7100,0.4784,0.2316,65.9900,59.2745,6.7155,CAR ,2,6,2.23,0.000
1766072825.650841,0.5200,0.2814,0.2386,21.6500,30.1407,-8.4907,BALL,6,4,75.41,0.001
1766072825.6509185,0.7100,0.4784,0.2316,65.9500,59.2723,6.6777,CAR ,2,6,2.24,0.000
1766072825.7020009,0.5200,0.2814,0.2386,21.6600,30.1493,-8.4893,BALL,6,4,75.37,0.001
1766072825.7020786,0.7100,0.4784,0.2316,65.9800,59.2719,6.7081,CAR ,2,6,2.23,0.000
1766072825.7516003,0.5200,0.2814,0.2386,21.6600,30.1672,-8.5072,BALL,6,4,75.38,0.001
1766072825.7517061,0.7100,0.4784,0.2316,66.0100,59.2906,6.7194,CAR ,2,6,2.23,0.000
1766072825.8027966,0.7000,0.4784,0.2216,66.0600,59.2571,6.8029,CAR ,2,6,2.23,0.001
1766072825.8532057,0.5200,0.2813,0.2387,21.6500,30.1239,-8.4739,BALL,6,4,75.40,0.001
1766072825.8532922,0.7000,0.4783,0.2217,66.0900,59.2625,6.8275,CAR ,2,6,2.24,0.000
1766072825.9032228,0.7100,0.4781,0.2319,66.0500,59.2276,6.8224,CAR ,2,6,2.23,0.004
1766072825.9538147,0.5200,0.2810,0.2390,21.6500,29.9884,-8.3384,BALL,6,4,75.39,0.008
1766072825.953877,0.7100,0.4778,0.2322,66.0300,59.1878,6.8422,CAR ,2,6,2.22,0.000
1766072826.0048537,0.5200,0.2809,0.2391,21.6500,29.9358,-8.2858,BALL,6,4,75.41,0.005
1766072826.0049775,0.7100,0.4776,0.2324,65.9000,59.1673,6.7327,CAR ,2,6,2.24,0.000
1766072826.0546784,0.5100,0.2808,0.2292,21.5900,29.9431,-8.3531,BALL,6,4,75.36,0.001
1766072826.0547535,0.7200,0.4775,0.2425,65.8100,59.1699,6.6401,CAR ,2,6,2.23,0.000
1766072826.1051688,0.5100,0.2809,0.2291,21.5900,29.9130,-8.3230,BALL,6,4,75.41,0.001
1766072826.105247,0.7200,0.4776,0.2424,65.7800,59.1493,6.6307,CAR ,2,6,2.22,0.000
1766072826.154199,0.5100,0.2808,0.2292,21.5900,29.9483,-8.3583,BALL,6,4,75.38,0.000
1766072826.1542914,0.7200,0.4776,0.2424,65.7600,59.1714,6.5886,CAR ,2,6,2.24,0.000
1766072826.2055254,0.5100,0.2809,0.2291,21.5800,29.9272,-8.3472,BALL,6,4,75.36,0.001
1766072826.2056327,0.7200,0.4776,0.2424,65.7600,59.1570,6.6030,CAR ,2,6,2.24,0.000
1766072826.2559323,0.5100,0.2809,0.2291,21.5900,29.9361,-8.3461,BALL,6,4,75.41,0.002
1766072826.256047,0.7200,0.4775,0.2425,65.8200,59.1708,6.6492,CAR ,2,6,2.23,0.000
1766072826.306176,0.5100,0.2809,0.2291,21.5900,29.9419,-8.3519,BALL,6,4,75.39,0.001
1766072826.3062782,0.7200,0.4775,0.2425,65.7900,59.1763,6.6137,CAR ,2,6,2.22,0.000
1766072826.356514,0.5100,0.2809,0.2291,21.5900,29.9513,-8.3613,BALL,6,4,75.39,0.001
1766072826.3565898,0.7200,0.4776,0.2424,65.7900,59.1794,6.6106,CAR ,2,6,2.24,0.000
1766072826.4058793,0.5100,0.2809,0.2291,21.5900,29.9196,-8.3296,BALL,6,4,75.42,0.001
1766072826.4059408,0.7200,0.4776,0.2424,65.7700,59.1518,6.6182,CAR ,2,6,2.24,0.000
1766072826.4569573,0.5100,0.2808,0.2292,21.5900,29.9289,-8.3389,BALL,6,4,75.39,0.000
1766072826.457028,0.7200,0.4775,0.2425,65.7700,59.1588,6.6112,CAR ,2,6,2.22,0.000
1766072826.5066562,0.5100,0.2809,0.2291,21.5800,29.9086,-8.3286,BALL,6,4,75.37,0.001
1766072826.5067313,0.7200,0.4776,0.2424,65.7800,59.1405,6.6395,CAR ,2,6,2.22,0.000
1766072826.5609233,0.5100,0.2808,0.2292,21.5900,29.9354,-8.3454,BALL,6,4,75.40,0.001
1766072826.5621703,0.7200,0.4775,0.2425,65.7700,59.1704,6.5996,CAR ,2,6,2.23,0.000
1766072826.6117473,0.5100,0.2809,0.2291,21.5900,29.9194,-8.3294,BALL,6,4,75.37,0.001
1766072826.6118124,0.7200,0.4775,0.2425,65.7600,59.1483,6.6117,CAR ,2,6,2.23,0.000
1766072826.662498,0.5100,0.2808,0.2292,21.5900,29.9506,-8.3606,BALL,6,4,75.42,0.002
1766072826.6625602,0.7200,0.4775,0.2425,65.7600,59.1816,6.5784,CAR ,2,6,2.22,0.000
1766072826.713244,0.5100,0.2808,0.2292,21.5900,29.9220,-8.3320,BALL,6,4,75.39,0.000
1766072826.7133553,0.7200,0.4775,0.2425,65.7600,59.1550,6.6050,CAR ,2,6,2.24,0.000
1766072826.7634273,0.5100,0.2808,0.2292,21.5900,29.9256,-8.3356,BALL,6,4,75.37,0.001
1766072826.7635245,0.7200,0.4775,0.2425,65.7700,59.1547,6.6153,CAR ,2,6,2.21,0.000
1766072826.813518,0.7200,0.4775,0.2425,65.7700,59.1653,6.6047,CAR ,2,6,2.24,0.001
1766072826.8633332,0.5100,0.2808,0.2292,21.5800,29.9428,-8.3628,BALL,6,4,75.40,0.000
1766072826.9135466,0.5100,0.2808,0.2292,21.5800,29.9439,-8.3639,BALL,6,4,75.37,0.000
1766072826.9156327,0.7200,0.4775,0.2425,65.7700,59.1745,6.5955,CAR ,2,6,2.22,0.000
1766072826.963861,0.5100,0.2808,0.2292,21.5800,29.9342,-8.3542,BALL,6,4,75.40,0.001
1766072826.963935,0.7200,0.4775,0.2425,65.7600,59.1650,6.5950,CAR ,2,6,2.23,0.000
1766072827.015525,0.5100,0.2808,0.2292,21.5900,29.9368,-8.3468,BALL,6,4,75.36,0.001
1766072827.0157218,0.7200,0.4775,0.2425,65.7600,59.1666,6.5934,CAR ,2,6,2.23,0.000
1766072827.0665238,0.5100,0.2809,0.2291,21.5900,29.9102,-8.3202,BALL,6,4,75.39,0.000
1766072827.0665944,0.7200,0.4775,0.2425,65.7900,59.1476,6.6424,CAR ,2,6,2.24,0.000
1766072827.1169214,0.5100,0.2807,0.2293,21.5900,29.9236,-8.3336,BALL,6,4,75.41,0.003
1766072827.1169853,0.7200,0.4774,0.2426,65.8000,59.1785,6.6215,CAR ,2,6,2.24,0.000
1766072827.1662822,0.5100,0.2807,0.2293,21.5900,29.9005,-8.3105,BALL,6,4,75.38,0.003
1766072827.1663623,0.7200,0.4773,0.2427,65.8100,59.1579,6.6521,CAR ,2,6,2.22,0.000
1766072827.21637,0.5100,0.2807,0.2293,21.5800,29.8680,-8.2880,BALL,6,4,75.37,0.003
1766072827.2164552,0.7200,0.4772,0.2428,65.7800,59.1416,6.6384,CAR ,2,6,2.23,0.000
1766072827.267949,0.5100,0.2806,0.2294,21.5700,29.8138,-8.2438,BALL,6,4,75.43,0.004
1766072827.268043,0.7200,0.4770,0.2430,65.7500,59.1182,6.6318,CAR ,2,6,2.24,0.000
1766072827.318828,0.7200,0.4770,0.2430,65.7700,59.1308,6.6392,CAR ,2,6,2.23,0.001
1766072827.3686783,0.5100,0.2805,0.2295,21.5700,29.8144,-8.2444,BALL,6,4,75.39,0.000
1766072827.3687441,0.7200,0.4770,0.2430,65.7400,59.1148,6.6252,CAR ,2,6,2.22,0.000
1766072827.419433,0.5100,0.2805,0.2295,21.5300,29.8259,-8.2959,BALL,6,4,75.42,0.001
1766072827.4707396,0.5100,0.2805,0.2295,21.5200,29.8057,-8.2857,BALL,6,4,75.38,0.001
1766072827.470809,0.7200,0.4770,0.2430,65.7300,59.1134,6.6166,CAR ,2,6,2.24,0.000
1766072827.5209637,0.5100,0.2805,0.2295,21.5400,29.8202,-8.2802,BALL,6,4,75.39,0.001
1766072827.5210297,0.7200,0.4770,0.2430,65.7400,59.1270,6.6130,CAR ,2,6,2.24,0.000
1766072827.5709443,0.5100,0.2805,0.2295,21.5500,29.8326,-8.2826,BALL,6,4,75.39,0.000
1766072827.5710437,0.7200,0.4770,0.2430,65.7500,59.1323,6.6177,CAR ,2,6,2.24,0.000
1766072827.6215942,0.5100,0.2805,0.2295,21.5200,29.8063,-8.2863,BALL,6,4,75.40,0.001
1766072827.6216614,0.7200,0.4770,0.2430,65.7500,59.1138,6.6362,CAR ,2,6,2.23,0.000
1766072827.671451,0.5100,0.2805,0.2295,21.5400,29.8178,-8.2778,BALL,6,4,75.39,0.000
1766072827.6715407,0.7200,0.4770,0.2430,65.7400,59.1282,6.6118,CAR ,2,6,2.22,0.000
1766072827.7212906,0.5100,0.2805,0.2295,21.5500,29.8067,-8.2567,BALL,6,4,75.38,0.001
1766072827.7213774,0.7200,0.4770,0.2430,65.7500,59.1127,6.6373,CAR ,2,6,2.24,0.000
1766072827.771643,0.5100,0.2805,0.2295,21.5500,29.8045,-8.2545,BALL,6,4,75.37,0.001
1766072827.7717137,0.7200,0.4770,0.2430,65.7600,59.1037,6.6563,CAR ,2,6,2.22,0.000
1766072827.8215501,0.5100,0.2805,0.2295,21.5500,29.7979,-8.2479,BALL,6,4,75.38,0.000
1766072827.8216367,0.7200,0.4770,0.2430,65.7500,59.1078,6.6422,CAR ,2,6,2.23,0.000
1766072827.8713636,0.5100,0.2805,0.2295,21.5500,29.8162,-8.2662,BALL,6,4,75.39,0.000
1766072827.8714297,0.7200,0.4770,0.2430,65.7400,59.1221,6.6179,CAR ,2,6,2.24,0.000
1766072827.9218552,0.7200,0.4770,0.2430,65.7500,59.1153,6.6347,CAR ,2,6,2.23,0.000
1766072827.9725244,0.5100,0.2805,0.2295,21.5100,29.8013,-8.2913,BALL,6,4,75.38,0.000
1766072827.9726164,0.7200,0.4770,0.2430,65.7300,59.1114,6.6186,CAR ,2,6,2.23,0.000
1766072828.02293,0.5100,0.2805,0.2295,21.5100,29.8075,-8.2975,BALL,6,4,75.38,0.001
1766072828.023038,0.7200,0.4770,0.2430,65.7300,59.1172,6.6128,CAR ,2,6,2.24,0.000
1766072828.0735283,0.5100,0.2805,0.2295,21.5300,29.8014,-8.2714,BALL,6,4,75.41,0.001
1766072828.0736527,0.7200,0.4770,0.2430,65.7600,59.1125,6.6475,CAR ,2,6,2.24,0.000
1766072828.123846,0.5100,0.2805,0.2295,21.5400,29.8082,-8.2682,BALL,6,4,75.40,0.001
1766072828.123945,0.7200,0.4770,0.2430,65.7500,59.1150,6.6350,CAR ,2,6,2.23,0.000
1766072828.1744947,0.5100,0.2805,0.2295,21.5500,29.8059,-8.2559,BALL,6,4,75.39,0.001
1766072828.174571,0.7200,0.4770,0.2430,65.7500,59.1121,6.6379,CAR ,2,6,2.23,0.000
1766072828.2241228,0.5100,0.2805,0.2295,21.5500,29.7996,-8.2496,BALL,6,4,75.41,0.001
1766072828.224214,0.7200,0.4770,0.2430,65.7300,59.1116,6.6184,CAR ,2,6,2.23,0.000
1766072828.2751045,0.5100,0.2805,0.2295,21.5500,29.8104,-8.2604,BALL,6,4,75.40,0.000
1766072828.2752047,0.7200,0.4770,0.2430,65.7400,59.1185,6.6215,CAR ,2,6,2.24,0.000
1766072828.3246744,0.5100,0.2805,0.2295,21.5500,29.8223,-8.2723,BALL,6,4,75.36,0.001
1766072828.3259985,0.7200,0.4770,0.2430,65.7300,59.1341,6.5959,CAR ,2,6,2.23,0.002
1766072828.3758094,0.5100,0.2805,0.2295,21.5500,29.7968,-8.2468,BALL,6,4,75.42,0.001
1766072828.3759942,0.7200,0.4770,0.2430,65.7500,59.1091,6.6409,CAR ,2,6,2.24,0.000
1766072828.4256694,0.5100,0.2805,0.2295,21.5500,29.7980,-8.2480,BALL,6,4,75.42,0.000
1766072828.42573,0.7200,0.4770,0.2430,65.7400,59.1084,6.6316,CAR ,2,6,2.24,0.000
1766072828.4752622,0.5100,0.2805,0.2295,21.5500,29.8124,-8.2624,BALL,6,4,75.39,0.001
1766072828.4753966,0.7200,0.4770,0.2430,65.7200,59.1230,6.5970,CAR ,2,6,2.23,0.000
1766072828.5255778,0.5100,0.2805,0.2295,21.5500,29.7934,-8.2434,BALL,6,4,75.40,0.001
1766072828.5256412,0.7200,0.4770,0.2430,65.7200,59.1019,6.6181,CAR ,2,6,2.24,0.000
1766072828.5756984,0.5100,0.2805,0.2295,21.5200,29.8056,-8.2856,BALL,6,4,75.39,0.000
1766072828.5757604,0.7200,0.4770,0.2430,65.7500,59.1159,6.6341,CAR ,2,6,2.24,0.000
1766072828.6263702,0.5100,0.2805,0.2295,21.5000,29.8042,-8.3042,BALL,6,4,75.41,0.001
1766072828.6264384,0.7200,0.4770,0.2430,65.7700,59.1161,6.6539,CAR ,2,6,2.22,0.000
1766072828.677269,0.5100,0.2805,0.2295,21.5300,29.8018,-8.2718,BALL,6,4,75.43,0.001
1766072828.677332,0.7200,0.4769,0.2431,65.7400,59.1159,6.6241,CAR ,2,6,2.23,0.000
1766072828.7269287,0.5100,0.2805,0.2295,21.5100,29.8084,-8.2984,BALL,6,4,75.40,0.000
1766072828.778152,0.5100,0.2805,0.2295,21.5000,29.8070,-8.3070,BALL,6,4,75.39,0.000
1766072828.7782176,0.7200,0.4770,0.2430,65.7400,59.1199,6.6201,CAR ,2,6,2.23,0.000
1766072828.828907,0.5100,0.2805,0.2295,21.5100,29.7954,-8.2854,BALL,6,4,75.41,0.000
1766072828.8786528,0.7200,0.4770,0.2430,65.7600,59.1093,6.6507,CAR ,2,6,2.24,0.001
1766072828.9292192,0.5100,0.2805,0.2295,21.5400,29.8108,-8.2708,BALL,6,4,75.38,0.001
1766072828.9293222,0.7200,0.4769,0.2431,65.7400,59.1179,6.6221,CAR ,2,6,2.23,0.000
1766072828.9809022,0.5100,0.2805,0.2295,21.5400,29.7941,-8.2541,BALL,6,4,75.39,0.001
1766072828.9810479,0.7200,0.4769,0.2431,65.7300,59.1222,6.6078,CAR ,2,6,2.21,0.000
1766072829.0308473,0.5100,0.2805,0.2295,21.5400,29.8217,-8.2817,BALL,6,4,75.37,0.000
1766072829.0309262,0.7200,0.4769,0.2431,65.7200,59.1286,6.5914,CAR ,2,6,2.24,0.000
1766072829.0804284,0.5100,0.2805,0.2295,21.5200,29.7914,-8.2714,BALL,6,4,75.38,0.000
1766072829.080493,0.7200,0.4769,0.2431,65.7600,59.1060,6.6540,CAR ,2,6,2.23,0.000
1766072829.1308987,0.5100,0.2805,0.2295,21.5300,29.8134,-8.2834,BALL,6,4,75.39,0.000
1766072829.130987,0.7200,0.4769,0.2431,65.7300,59.1260,6.6040,CAR ,2,6,2.23,0.000
1766072829.1817977,0.5100,0.2804,0.2296,21.5100,29.8054,-8.2954,BALL,6,4,75.39,0.002
1766072829.1818612,0.7200,0.4769,0.2431,65.7500,59.1216,6.6284,CAR ,2,6,2.25,0.000
1766072829.2320285,0.5100,0.2803,0.2297,21.5300,29.7426,-8.2126,BALL,6,4,75.41,0.005
1766072829.2320879,0.7200,0.4766,0.2434,65.7400,59.0930,6.6470,CAR ,2,6,2.24,0.000
1766072829.2824404,0.5100,0.2802,0.2298,21.5300,29.7525,-8.2225,BALL,6,4,75.41,0.004
1766072829.2825203,0.7200,0.4765,0.2435,65.7600,59.1230,6.6370,CAR ,2,6,2.24,0.000
1766072829.3849525,0.5100,0.2802,0.2298,21.5300,29.7517,-8.2217,BALL,6,4,75.40,0.000
1766072829.3862286,0.7200,0.4765,0.2435,65.7500,59.1248,6.6252,CAR ,2,6,2.23,0.000
1766072829.4341004,0.5100,0.2802,0.2298,21.5200,29.7397,-8.2197,BALL,6,4,75.37,0.001
1766072829.4341736,0.7200,0.4765,0.2435,65.7400,59.1123,6.6277,CAR ,2,6,2.23,0.000
1766072829.484363,0.5100,0.2802,0.2298,21.5200,29.7623,-8.2423,BALL,6,4,75.37,0.000
1766072829.4844441,0.7200,0.4764,0.2436,65.7400,59.1340,6.6060,CAR ,2,6,2.23,0.000
1766072829.5344267,0.5100,0.2802,0.2298,21.5300,29.7474,-8.2174,BALL,6,4,75.39,0.000
1766072829.534492,0.7200,0.4765,0.2435,65.7400,59.1216,6.6184,CAR ,2,6,2.23,0.000
1766072829.5853007,0.5100,0.2802,0.2298,21.5200,29.7313,-8.2113,BALL,6,4,75.38,0.001
1766072829.5854368,0.7200,0.4765,0.2435,65.7400,59.1078,6.6322,CAR ,2,6,2.23,0.000
1766072829.6347375,0.5100,0.2802,0.2298,21.5300,29.7302,-8.2002,BALL,6,4,75.40,0.001
1766072829.6356368,0.7200,0.4764,0.2436,65.7300,59.0823,6.6477,CAR ,2,6,2.24,0.000
1766072829.6849215,0.5100,0.2802,0.2298,21.5200,29.7306,-8.2106,BALL,6,4,75.41,0.001
1766072829.6849904,0.7200,0.4765,0.2435,65.7400,59.1102,6.6298,CAR ,2,6,2.24,0.000
1766072829.7353294,0.5100,0.2802,0.2298,21.5300,29.7454,-8.2154,BALL,6,4,75.41,0.001
1766072829.735443,0.7200,0.4765,0.2435,65.7300,59.1171,6.6129,CAR ,2,6,2.22,0.000
1766072829.7856174,0.5100,0.2802,0.2298,21.5200,29.7272,-8.2072,BALL,6,4,75.38,0.000
1766072829.785682,0.7200,0.4765,0.2435,65.7600,59.1027,6.6573,CAR ,2,6,2.24,0.000
1766072829.8366199,0.5100,0.2802,0.2298,21.5200,29.7266,-8.2066,BALL,6,4,75.38,0.000
1766072829.8367329,0.7200,0.4765,0.2435,65.7700,59.0978,6.6722,CAR ,2,6,2.23,0.000
1766072829.9370651,0.5100,0.2802,0.2298,21.5300,29.7502,-8.2202,BALL,6,4,75.39,0.000
1766072829.9371657,0.7200,0.4765,0.2435,65.7500,59.1235,6.6265,CAR ,2,6,2.22,0.000
1766072829.987271,0.5100,0.2802,0.2298,21.5200,29.7246,-8.2046,BALL,6,4,75.41,0.001
1766072829.987402,0.7200,0.4764,0.2436,65.7400,59.1058,6.6342,CAR ,2,6,2.22,0.000
1766072830.0382566,0.5100,0.2802,0.2298,21.5200,29.7455,-8.2255,BALL,6,4,75.39,0.001
1766072830.0383968,0.7200,0.4764,0.2436,65.7600,59.1176,6.6424,CAR ,2,6,2.24,0.000
1766072830.0883496,0.5100,0.2802,0.2298,21.5300,29.7424,-8.2124,BALL,6,4,75.41,0.000
1766072830.0884194,0.7200,0.4764,0.2436,65.7500,59.1258,6.6242,CAR ,2,6,2.23,0.000
1766072830.1383624,0.5100,0.2802,0.2298,21.5200,29.7432,-8.2232,BALL,6,4,75.39,0.000
1766072830.1384869,0.7200,0.4764,0.2436,65.7600,59.1199,6.6401,CAR ,2,6,2.23,0.000
1766072830.1896904,0.5100,0.2802,0.2298,21.5200,29.7395,-8.2195,BALL,6,4,75.39,0.000
1766072830.1898174,0.7200,0.4765,0.2435,65.7600,59.1124,6.6476,CAR ,2,6,2.22,0.000
1766072830.239431,0.5100,0.2802,0.2298,21.5200,29.7328,-8.2128,BALL,6,4,75.39,0.001
1766072830.2395012,0.7200,0.4765,0.2435,65.7400,59.1123,6.6277,CAR ,2,6,2.23,0.000
